round1_accuracy,round2_accuracy,round3_accuracy,coding_accuracy,avg_response_time,hint_usage_rate,attempt_count,streak_day,skip_attempts,topics_studied_count,conceptual_error_rate,application_error_rate,reasoning_error_rate,label
1.0,0.7417798,0.8896487,0.7136935,0.10591274,0.0,0.08125882,0.07362581,0.0,0.88206977,0.10710652,0.15318795,0.20377809,Placement-Ready
0.93542415,0.8393391,0.8883472,1.0,0.24330944,0.08567306,0.092482746,0.13225009,0.0,0.80412495,0.022904504,0.09585672,0.39936715,Placement-Ready
0.4120552,0.35087252,0.09350474,0.3574046,0.7192075,0.74201894,0.9224441,0.059187945,0.54629385,0.10080071,0.42722768,0.542127,0.77466434,Beginner
0.76365983,0.6774747,0.5441791,0.7344159,0.36837235,0.3364545,0.059442665,0.07246387,0.28846115,0.8545826,0.25133607,0.46328673,0.6819757,Intermediate
0.868379,0.7959083,0.88436824,0.95213556,0.26787636,0.0780297,0.100945175,0.12909833,0.005847244,0.96583426,0.17803222,0.06835184,0.116056904,Placement-Ready
0.28181612,0.29966256,0.20638523,0.19561264,0.8961248,0.8632958,0.6176814,0.023102988,0.37166217,0.16421278,0.6424767,0.3700195,0.79007834,Beginner
0.7021973,0.3714205,0.4497374,0.6826227,0.44472665,0.29077697,0.25407982,0.025753653,0.2996485,0.85413456,0.5214962,0.4578933,0.62402165,Intermediate
0.98205155,0.7460293,0.7220306,0.86447066,0.20156395,0.14620985,0.09667883,0.13628714,0.065170236,0.89373416,0.0,0.13748996,0.24484733,Placement-Ready
0.34091133,0.31133345,0.20058171,0.26472747,0.9847088,0.7013177,0.36745793,0.009630325,0.50711966,0.31126353,0.9256679,0.66612875,0.64655167,Beginner
0.44868624,0.21394302,0.106645085,0.049798615,0.759251,0.56752133,0.13472769,0.008012694,0.50188583,0.1681908,0.6556653,0.92439944,0.86208045,Beginner
0.29782254,0.2905731,0.2529885,0.4391407,0.51292294,0.64384586,0.17463331,0.01121881,0.6543367,0.32643598,0.7680952,0.8066038,0.87006044,Beginner
0.34673563,0.34846908,0.18751271,0.059357423,0.5105712,0.7476625,0.51055646,0.06837986,0.621307,0.17328413,0.67505795,0.6870214,0.9578113,Beginner
0.24492955,0.28885093,0.33534443,0.20661072,0.7159588,0.6964445,0.97068214,0.014626317,0.60381633,0.13414909,0.8308225,0.74895495,0.6712186,Beginner
0.53008497,0.47608313,0.20995395,0.016786821,0.6857267,0.57713187,0.463652,0.007299846,0.5485222,0.15499975,0.7353772,0.738109,0.71042764,Beginner
0.9400712,0.8069513,0.76262003,0.9149948,0.28565252,0.11227906,0.07833711,0.059548195,0.0,0.9645071,0.07079301,0.24205627,0.18704481,Placement-Ready
0.83427954,0.49685004,0.649915,0.5206143,0.27156305,0.6240677,0.36073115,0.053957094,0.3050907,0.5144786,0.32335544,0.3311586,0.53819215,Intermediate
0.60015893,0.48533913,0.305907,0.41999063,0.4671797,0.0,0.13318661,0.080296546,0.26674223,0.47962672,0.28452963,0.35590225,0.76427895,Intermediate
1.0,1.0,0.7175681,0.9480869,0.17797755,0.17622617,0.08340583,0.05726282,0.0,0.7837631,0.08123124,0.1658933,0.09851663,Placement-Ready
0.723046,0.68729705,0.41220322,0.50237966,0.33708003,0.1640442,0.16460797,0.09231931,0.18119946,0.29181197,0.33839133,0.43344527,0.570661,Intermediate
0.81289566,0.5610663,0.54810643,0.60943323,0.2878032,0.33711916,0.26615134,0.03984392,0.6661386,0.34018767,0.44153094,0.578469,0.59792066,Intermediate
0.68110687,0.64834785,0.38028008,0.5247743,0.35755157,0.37444443,0.16395037,0.049069304,0.30623442,0.48576456,0.35034606,0.20953256,0.40723178,Intermediate
0.7318127,0.59709436,0.57104474,0.7614839,0.2841431,0.49901786,0.21422131,0.034550518,0.16229875,0.36515328,0.3598928,0.4158343,0.7071356,Intermediate
0.90462947,0.9707007,0.74172586,0.8769999,0.25392956,0.08255746,0.102154255,0.25470936,0.051479273,0.98396635,0.11089053,0.21859571,0.29050127,Placement-Ready
0.6692104,0.689402,0.42769018,0.51432544,0.4733216,0.4754813,0.37186083,0.04163965,0.030224925,0.46411625,0.17834476,0.34147424,0.55481714,Intermediate
0.7619099,0.70797384,0.4121172,0.3547966,0.45158553,0.55966127,0.28518593,0.016737461,0.33610347,0.30117092,0.11491006,0.44884983,0.62437475,Intermediate
1.0,0.85578513,0.6467354,0.72878367,0.2102437,0.086427785,0.09476166,0.0034451734,0.10347069,0.96152675,0.0,0.26263964,0.3990409,Placement-Ready
0.7576561,0.54527783,0.37853888,0.52406704,0.33943444,0.5604819,0.19504456,0.055412702,0.32333693,0.3085335,0.41593114,0.5340421,0.3020564,Intermediate
0.39401963,0.1714409,0.29040527,0.0779433,0.8411837,0.5978984,0.5268646,0.015103595,0.70428985,0.30336082,0.73766196,0.6959676,0.7474715,Beginner
0.93612313,0.82677585,0.9564626,0.8953156,0.1847872,0.12919405,0.06298299,0.1770254,0.09476176,0.977594,0.053551428,0.05218134,0.15898454,Placement-Ready
0.6020978,0.6961342,0.6679177,0.5761069,0.5580019,0.2983878,0.11030174,0.06694506,0.28561932,0.37528557,0.30920056,0.21234249,0.3377899,Intermediate
0.8599218,0.8311287,0.65762645,0.9458135,0.2573979,0.13625036,0.063553944,0.033018894,0.07495477,0.77712417,0.14819947,0.0,0.17480633,Placement-Ready
0.85267645,0.8046221,0.6235772,0.9475225,0.20846088,0.054377165,0.060628768,0.18518595,0.05449932,1.0,0.053142592,0.18404633,0.09685912,Placement-Ready
0.56865525,0.40751758,0.11050364,0.43575996,0.67745554,0.74884397,0.5703554,0.0037384972,0.31749284,0.09090909,0.7678528,0.42120212,0.66394216,Beginner
0.37289616,0.29928765,0.23425393,0.5822671,0.7026458,0.9822864,0.5218536,0.009039624,1.0,0.16717361,0.5438443,0.6922878,0.7792716,Beginner
0.42555675,0.2445662,0.37519908,0.16096199,0.98541194,0.54968,0.6975811,0.013400686,0.92424536,0.1223271,0.6104004,0.6325234,0.99977624,Beginner
0.8571866,0.86712694,0.7958418,0.8487019,0.20560072,0.18581225,0.060123682,0.13363153,0.017607577,0.8904271,0.04589183,0.10796456,0.07404766,Placement-Ready
0.71930224,0.5581968,0.27494475,0.4736845,0.22442321,0.084935814,0.10296199,0.079157,0.302431,0.5228976,0.36437854,0.45842758,0.5887828,Intermediate
0.40209433,0.2732683,0.25587305,0.29251713,0.9271948,0.6618763,0.7425009,0.005293186,0.31790653,0.09090909,0.53068346,0.8014379,0.6182512,Beginner
0.90099156,0.73940134,0.6836913,0.855674,0.22170272,0.02537614,0.08972715,0.17176828,0.06648091,0.7856129,0.050159544,0.17622201,0.1484313,Placement-Ready
0.5977605,0.79334414,0.32221195,0.5876859,0.3093271,0.44539195,0.3167383,0.021870006,0.38169187,0.41465688,0.38051912,0.58689034,0.7347942,Intermediate
0.74526095,0.6439228,0.6858796,0.71571267,0.30400863,0.5131094,0.36516207,0.055413913,0.38985503,0.4126221,0.15546957,0.7330918,0.3990807,Intermediate
0.45363158,0.73818964,0.54586387,0.66827303,0.51900387,0.36024243,0.24991769,0.01482645,0.48593065,0.43467763,0.17931233,0.5609584,0.2730328,Intermediate
0.37641314,0.28256863,0.18867482,0.24817683,0.92113173,0.60053396,0.62176913,0.0017646732,0.40117875,0.17900555,0.4559763,0.9590838,0.6568328,Beginner
0.940482,0.98467624,0.8323932,1.0,0.102953486,0.001928952,0.052672144,0.13748604,0.0,0.7953034,0.117229015,0.05086625,0.1066804,Placement-Ready
0.499347,0.29797602,0.14175293,0.16244397,0.8972251,0.58412695,0.4376893,0.017151104,0.6267578,0.2342903,0.5656473,0.7324144,0.72079664,Beginner
0.64231616,0.7419943,0.6064429,0.6199135,0.2771055,0.40248084,0.3096794,0.081258915,0.40294328,0.62368864,0.17616025,0.40103737,0.6644026,Intermediate
0.8979988,0.7440305,0.8057929,0.8560737,0.15819982,0.11710546,0.08744055,0.07248101,0.026607739,0.9631295,0.021215964,0.13621114,0.24271782,Placement-Ready
0.85256,0.781809,0.72902197,0.80501604,0.22672309,0.03170382,0.05,0.042763673,0.027780686,0.7664993,0.034708485,0.28734103,0.15429562,Placement-Ready
0.8209369,0.55337363,0.44608977,0.8574453,0.32963637,0.4913315,0.30620924,0.05786679,0.3423001,0.5058712,0.33263287,0.44221225,0.82669246,Intermediate
0.4610612,0.44668734,0.26314244,0.189072,0.5127547,0.754372,0.59105086,0.0024872909,0.3912771,0.26077363,0.45664576,0.6971424,0.77750754,Beginner
0.5934108,0.38963994,0.14343351,0.35376075,0.8857755,0.7044121,0.4584054,0.0042067333,0.64476806,0.10488785,0.9145832,0.857121,0.79486346,Beginner
0.64725554,0.5635001,0.44537228,0.51299316,0.5142649,0.62438124,0.08115232,0.03152953,0.020479077,0.45064074,0.24139595,0.50383806,0.69948274,Intermediate
0.9010358,0.9031946,0.69451296,0.6867671,0.19361539,0.101231,0.07051538,0.1328887,0.09393862,0.8219268,0.06328155,0.15632291,0.098018534,Placement-Ready
0.8744297,0.82977384,0.8773407,0.9032893,0.24889222,0.04073779,0.07091537,0.03752529,0.100393414,0.98570377,0.016005706,0.28005996,0.19655107,Placement-Ready
0.8781455,0.82756567,0.6562221,0.79609424,0.22844052,0.02747489,0.07732455,0.067001805,0.042799953,0.8124254,0.006699711,0.2132309,0.30466273,Placement-Ready
0.63396186,0.4320533,0.31114748,0.5994503,0.48623905,0.13735679,0.29497126,0.078473285,0.5831789,0.4997122,0.3608163,0.13002233,0.9149629,Intermediate
0.73363566,0.44384176,0.642812,0.6888728,0.45047814,0.27861825,0.2670203,0.03806296,0.14537771,0.40835324,0.38379186,0.45657212,0.8176065,Intermediate
0.53612065,0.8119001,0.5010778,0.538731,0.43992382,0.27520803,0.06140847,0.04691926,0.35625792,0.6642414,0.15703675,0.5370335,0.58441496,Intermediate
0.6733901,0.3232296,0.23409447,0.11169215,0.5665514,0.7447534,0.4288142,0.010633128,0.49306744,0.09090909,0.80359566,0.58782023,0.80962384,Beginner
0.8034227,0.60077214,0.31726035,0.3940001,0.30512986,0.12666474,0.25584605,0.06896022,0.110853784,0.48969042,0.4014325,0.44959375,0.35839584,Intermediate
0.95162034,0.9703245,0.6955528,0.9203729,0.22690308,0.025870018,0.100222155,0.15605652,0.14449893,0.8812162,0.0734874,0.108819,0.045664474,Placement-Ready
0.49402747,0.32693747,0.6730337,0.70327437,0.37099484,0.20122765,0.16622409,0.032690022,0.4974084,0.3933127,0.40863878,0.4313909,0.60826135,Intermediate
0.20967388,0.3223995,0.27894107,0.32426324,0.6972816,1.0,0.3445831,0.10335867,0.64671904,0.37425482,0.6245708,0.6101257,0.9292752,Beginner
0.5111976,0.37560478,0.18021007,0.3476045,0.8053985,0.8317878,0.7604735,0.024357198,0.5290819,0.13222249,0.81707454,0.82737756,0.8069677,Beginner
0.47324988,0.32271338,0.22693846,0.31603202,0.73744434,0.75352883,0.71124846,0.009643489,0.7351741,0.18819317,0.77349883,0.21159369,0.66273355,Beginner
0.5754824,0.36722776,0.15271296,0.009599217,1.0,0.7702763,0.5556853,0.022391738,0.62829584,0.302912,0.9369542,0.45882186,0.85519934,Beginner
0.774112,0.57837826,0.45474052,0.33752877,0.41421932,0.42505714,0.24521701,0.011860188,0.11903845,0.41444808,0.22201754,0.54975086,0.60614765,Intermediate
0.51516724,0.29013917,0.3801538,0.25528777,0.9627845,0.7639513,0.7171043,0.0,0.6742107,0.11500227,0.62304026,0.9116155,0.77434754,Beginner
0.6572855,0.37762284,0.18128532,0.3984617,0.7534953,0.6512962,0.695067,0.002219004,0.8043249,0.09090909,0.5924918,0.5135465,0.89114,Beginner
0.6593167,0.49015594,0.23958555,0.2633532,0.81453186,0.8973351,0.8321398,0.010008327,0.650518,0.24114968,0.5793469,0.83189124,1.0,Beginner
0.7401282,0.63369733,0.69691753,0.5976907,0.42195714,0.3997588,0.30636343,0.038521834,0.2678569,0.56504565,0.33328477,0.4328634,0.38992164,Intermediate
0.34549302,0.19695942,0.124917164,0.4886584,0.78835374,0.6027743,0.6248084,0.026549773,0.52206385,0.2442737,0.92796916,0.36628643,0.7233905,Beginner
0.59606725,0.50658053,0.49389648,0.45958334,0.56740195,0.41245347,0.34717262,0.042768978,0.12897041,0.27599174,0.191041,0.50212884,0.67798245,Intermediate
0.93052447,0.84413886,0.78459114,0.8313223,0.15372032,0.08003035,0.06134252,0.18770303,0.0,0.85140216,0.0,0.06489203,0.1623191,Placement-Ready
0.26615015,0.47531947,0.19078779,0.14914083,0.89475244,0.65463156,0.4317101,0.0070314533,0.5910787,0.30383456,0.45988685,0.6534621,0.87498844,Beginner
0.89209956,0.81625915,0.7352349,1.0,0.11131593,0.12690309,0.05,0.053314492,0.18458973,0.9597311,0.16028415,0.1423134,0.31422684,Placement-Ready
0.84699565,0.8820228,0.7205776,0.7740731,0.16143076,0.040076133,0.052193943,0.06530098,0.04430861,0.97748,0.028729431,0.011795117,0.23487704,Placement-Ready
0.66556364,0.6009126,0.32093072,0.42089558,0.26572803,0.4523076,0.31695807,0.030053379,0.28818423,0.455652,0.30938342,0.335702,0.8457083,Intermediate
0.75906205,0.8817154,0.8069437,0.6797549,0.14354727,0.12359969,0.051555086,0.11286098,0.0,0.78722537,0.04839565,0.001266957,0.3371559,Placement-Ready
0.46363452,0.26661804,0.31385,0.29435706,0.77557135,0.78715754,0.28582478,0.0016978016,0.361215,0.19481301,1.0,0.984695,0.8765661,Beginner
0.4068498,0.16858542,0.36133245,0.029671362,0.67399305,0.89169097,0.6419427,0.018586671,0.70856565,0.3154166,0.7943141,0.74951714,0.7130904,Beginner
0.7191123,0.64521885,0.59989256,0.7898248,0.44868276,0.45710894,0.14053297,0.09421685,0.22869861,0.09186944,0.026916381,0.4987615,0.40903294,Intermediate
0.71834195,0.48011732,0.30923486,0.4241628,0.38208964,0.5913366,0.29592428,0.033517044,0.3888511,0.34848425,0.0,0.26497743,0.6687661,Intermediate
0.70160365,0.5969136,0.33896688,0.6095421,0.30816838,0.15650956,0.12361284,0.056468625,0.5041556,0.45984924,0.3253657,0.62743425,0.36833176,Intermediate
0.6628852,0.39378384,0.15279119,0.26976374,0.7372864,0.80757004,0.7086998,0.06685936,0.4298887,0.19133957,0.48771796,0.46139896,0.9060921,Beginner
0.6030567,0.5929708,0.89160347,0.39167723,0.35294607,0.16809633,0.26247638,0.022954717,0.28368735,0.18862338,0.37411448,0.6333518,0.54240847,Intermediate
0.7678318,0.6406276,0.4527757,0.47435114,0.3937572,0.4145897,0.28778824,0.0449909,0.0,0.3870041,0.15795691,0.75828314,0.6088969,Intermediate
0.84116465,0.53926706,0.8558279,0.5799216,0.4948426,0.48911932,0.18019983,0.039418608,0.31015617,0.19953713,0.3985173,0.16563807,0.6022001,Intermediate
0.3927793,0.31976756,0.018271616,0.30140236,0.850441,0.72301817,0.7783401,0.05535528,0.6673,0.09090909,0.8110635,0.94295895,0.6806172,Beginner
0.8516745,0.68579125,0.4024087,0.5007803,0.3979213,0.62589455,0.3368654,0.053779557,0.43859616,0.52894694,0.3475533,0.59708446,0.67755413,Intermediate
0.5697715,0.28154486,0.26738638,0.26191765,0.73310536,0.79742163,0.46949434,0.00593553,0.4944012,0.30482447,0.26684755,0.7093398,0.8041126,Beginner
0.9918057,0.8416535,0.8309257,1.0,0.12370599,0.006898571,0.068874925,0.09460787,0.08499815,0.88158566,0.012832867,0.20995684,0.40476692,Placement-Ready
0.5930557,0.3507274,0.30533397,0.39031547,0.99899054,0.81730646,0.56657636,0.01216477,0.8413018,0.1075513,0.805301,0.5909992,0.8034494,Beginner
0.81981474,0.86331034,0.6460106,0.764952,0.1414053,0.014078892,0.07089135,0.085714415,0.09331326,0.8273874,0.01305967,0.07618243,0.22684197,Placement-Ready
0.9082439,0.9076698,0.80478096,0.9975787,0.21694174,0.11817752,0.12474613,0.08373081,0.0,0.91389906,0.06535627,0.17380312,0.34247637,Placement-Ready
0.66053206,0.6655045,0.73868716,0.71038365,0.45231602,0.22608979,0.23202676,0.05088579,0.40449473,0.5414545,0.32034484,0.46805248,0.70806855,Intermediate
0.6398006,0.79897904,0.60912675,0.43479604,0.25944212,0.5508404,0.15027085,0.06281546,0.32009104,0.63436836,0.3611942,0.44541323,0.90918684,Intermediate
0.9968579,0.9336559,0.72518396,0.7934928,0.13212563,0.07096077,0.05,0.19884449,0.0,0.75926375,0.055650093,0.042609356,0.28442907,Placement-Ready
0.896185,0.7786447,0.7961216,0.84513044,0.17787057,0.067454055,0.05,0.19368525,0.047477327,0.7350679,0.10890576,0.081533104,0.27621406,Placement-Ready
0.50858516,0.19674762,0.25183415,0.46711677,0.7589598,0.5928549,0.46958223,0.09294006,0.4430476,0.14813563,0.53916496,0.65234274,0.9082733,Beginner
0.67528284,0.502472,0.2872811,0.50153816,0.6120841,0.6128671,0.08304731,0.0070178867,0.28713706,0.71521753,0.37993076,0.44506714,0.53158885,Intermediate
0.7015034,0.49623573,0.5986681,0.6269772,0.29500893,0.42332083,0.3030151,0.011974058,0.03364916,0.54291975,0.46918857,0.733153,0.41608986,Intermediate
0.53860986,0.5051417,0.49031788,0.4932884,0.444082,0.28278014,0.05883578,0.044480823,0.09651824,0.48240724,0.15754436,0.3767981,0.6273882,Intermediate
0.83351046,0.7138611,0.58049124,0.5984379,0.4319121,0.55805767,0.37235796,0.07857417,0.306199,0.5302228,0.46122557,0.3564426,0.55223745,Intermediate
0.81250846,0.83081096,0.7451183,0.8115395,0.2916078,0.008055481,0.0724453,0.148205,0.0009895369,0.90787184,0.05601137,0.17994472,0.20920007,Placement-Ready
0.54584336,0.52967364,0.31587228,0.69557977,0.45720857,0.62274283,0.20587444,0.03125534,0.2212784,0.272804,0.4714382,0.9564951,0.49142823,Intermediate
0.5643841,0.1364321,0.19846916,0.23196976,0.78557473,0.8274496,1.0,0.014699174,0.604848,0.09090909,0.46648404,0.8255391,0.7343859,Beginner
0.5944688,0.25660095,0.33964574,0.4034122,0.64151525,0.8749785,0.46971148,0.0,0.5150804,0.21796705,0.6805895,0.60394275,0.9372279,Beginner
0.93610686,0.9274742,0.8389289,0.7312376,0.17593277,0.03705771,0.102220945,0.048445255,0.0,0.87456733,0.07753336,0.14693025,0.16898806,Placement-Ready
0.36768216,0.43636072,0.18492581,0.32339218,0.7973012,0.69719714,1.0,0.0,0.85782635,0.24149151,0.67807126,0.8943978,0.5782268,Beginner
0.40261444,0.28920162,0.2109615,0.35733506,0.84182286,0.5421278,0.5350516,0.016393038,0.70205045,0.20563787,0.89001346,0.59574246,0.8214404,Beginner
0.21779509,0.29857308,0.20428066,0.15365617,0.79688203,0.6809689,0.42589396,0.012269789,0.6727943,0.15105389,0.8897354,0.6895962,0.64593756,Beginner
0.75660574,0.57165164,0.42184752,0.59686106,0.5649191,0.5091365,0.19923072,0.019923901,0.047689907,0.63401353,0.18539013,0.401173,0.79818165,Intermediate
0.5528733,0.25838056,0.12959446,0.19599846,0.98023903,0.63969976,0.6716907,0.0049510445,0.75158435,0.24413706,1.0,0.6236654,0.8802386,Beginner
0.9077165,0.9549322,0.7251134,0.8786047,0.07153215,0.079321004,0.07750655,0.13883518,0.20068966,0.80626196,0.12923986,0.19185859,0.1521361,Placement-Ready
0.82882106,0.7038147,0.5486269,0.5279882,0.3612239,0.24833341,0.25045294,0.064600274,0.19114986,0.44947028,0.21871653,0.48140314,0.5175925,Intermediate
0.6814451,0.78093433,0.41670692,0.5418183,0.37339833,0.16989952,0.201489,0.058690827,0.25819817,0.24391529,0.64488995,0.48992667,0.6167541,Intermediate
0.8836616,0.7582651,0.7758529,0.82577056,0.14561503,0.20918128,0.061830804,0.044306826,0.13771947,0.95173055,0.053402103,0.21084836,0.19605649,Placement-Ready
0.8936207,0.9487323,0.79289216,0.9194214,0.31233576,0.0,0.06312647,0.15967691,0.06332757,0.958969,0.056971807,0.16647954,0.14437783,Placement-Ready
0.6883139,0.1837061,0.1914068,0.36436114,0.746685,0.7890623,0.5720916,0.013069452,0.5543055,0.2424605,0.5182415,0.5955032,0.8355887,Beginner
0.45985,0.49412173,0.14973415,0.20463905,0.82638353,0.81697345,0.55686647,0.0037838814,0.7762815,0.24737594,0.6125589,0.8533164,0.94042385,Beginner
0.76559603,0.6198428,0.46999535,0.5332285,0.41087848,0.21973437,0.21518926,0.044590257,0.09733883,0.3402116,0.3492608,0.45142677,0.5536857,Intermediate
0.35785696,0.3897066,0.32199,0.32818264,0.6210138,0.68977624,0.59869576,0.015880503,0.7336681,0.11507511,0.76229936,0.71859205,0.97469866,Beginner
0.83847874,0.60496515,0.44694123,0.43891186,0.3958482,0.31938958,0.3188347,0.06389274,0.46511996,0.28282332,0.348127,0.34088016,0.41693786,Intermediate
0.9059511,0.9121568,0.72953165,0.87253666,0.23501343,0.09846503,0.08903497,0.029518308,0.06522687,0.795037,0.07889829,0.11056535,0.19953735,Placement-Ready
0.876315,0.7901025,0.8576069,0.777909,0.1904666,0.083258234,0.098641686,0.18522912,0.0847985,0.8957208,0.01708123,0.06449039,0.13543092,Placement-Ready
0.44074893,0.44473058,0.26544824,0.12404134,0.9960511,0.96609217,1.0,0.0017247066,0.6485764,0.09090909,0.83297235,0.56776994,1.0,Beginner
0.8092917,0.77215284,0.73746896,0.8833919,0.17038216,0.050576046,0.11050991,0.20614249,0.02928101,0.7082029,0.0,0.16914321,0.28559557,Placement-Ready
0.69002867,0.31917724,0.16100529,0.25299639,0.96832263,0.46905577,0.17661949,0.021199292,0.3072747,0.14726618,0.84127194,0.6411161,0.79120547,Beginner
0.6624282,0.66300774,0.4415571,0.60676455,0.4068931,0.34223315,0.2977812,0.05027184,0.28007907,0.40594319,0.3093118,0.48330653,0.45162868,Intermediate
0.5902262,0.21033578,0.2873587,0.20569514,0.35561845,0.6637767,0.39229125,0.0,0.35251468,0.1917644,0.9492961,0.6969777,0.7272196,Beginner
0.25089273,0.3530343,0.24435937,0.12309824,0.885168,0.7025143,0.64283377,0.0029318877,0.6320538,0.14328787,0.6351583,0.7601159,0.61547506,Beginner
0.5658278,0.9887467,0.31264338,0.5982138,0.27103654,0.1635802,0.071690455,0.07937357,0.48186764,0.45434737,0.1542106,0.40837124,0.81321573,Intermediate
0.35309488,0.46422723,0.30034703,0.16648763,1.0,0.8702104,0.5085286,0.0045863586,0.82420784,0.19761539,0.62238526,0.62778366,0.75113636,Beginner
0.8140013,0.5489941,0.55389404,0.45878962,0.4161185,0.29706424,0.20135945,0.053632684,0.22536139,0.6273243,0.28319207,0.60699725,0.48571083,Intermediate
0.55230314,0.5347122,0.40540177,0.5623546,0.44693077,0.27075917,0.28907213,0.017958121,0.32346538,0.12662585,0.3019098,0.4123964,0.6585523,Intermediate
0.81844264,0.9655365,0.76622385,0.8080137,0.21639587,0.16019565,0.05,0.10634384,0.09234349,0.88981766,0.14611506,0.19120896,0.4008224,Placement-Ready
0.34542197,0.31504744,0.23261076,0.2733946,0.7880473,0.7965901,0.44086897,0.02246097,0.55269253,0.09090909,0.778211,0.52232295,0.87984014,Beginner
0.39721012,0.25423154,0.303737,0.34282693,0.7173108,0.7010004,0.48977676,0.0,0.4285115,0.19983794,0.7987889,0.67228216,0.76379204,Beginner
0.36866495,0.341961,0.15088937,0.40353578,0.9479254,0.80753165,0.57409656,0.015724855,0.45862147,0.25959596,0.99742216,0.8105916,0.7124477,Beginner
0.92645514,0.8321697,0.7414674,0.7847776,0.100851804,0.012678009,0.065864556,0.052452847,0.0,0.95837635,0.09345077,0.11385306,0.44715744,Placement-Ready
0.66827714,0.64123,0.54886967,0.5435293,0.3090348,0.5655726,0.3812208,0.00921849,0.27693224,0.43498775,0.2960813,0.45964423,0.7420292,Intermediate
0.3437211,0.2995437,0.16541259,0.24421655,0.9823374,0.83562946,0.6985373,0.0851427,0.310878,0.10507846,0.6985198,0.7186515,0.8083583,Beginner
0.7001913,0.613906,0.66119653,0.75550365,0.37604505,0.4998804,0.28638914,0.049478073,0.33063823,0.36072606,0.26326808,0.3629047,0.7352065,Intermediate
0.7241894,0.5564693,0.4043801,0.29379895,0.38188905,0.6079067,0.323008,0.054305952,0.18989925,0.59054625,0.2856829,0.68624014,0.4528369,Intermediate
0.9489305,0.80017006,0.7684319,0.7444673,0.19414817,0.08408585,0.09920051,0.17378251,0.0775759,0.8994778,0.07560475,0.19876447,0.10876678,Placement-Ready
0.9077977,0.83305603,0.7139776,0.7878223,0.16437893,0.09645277,0.097701214,0.10559553,0.11063379,0.7088724,0.029726218,0.313861,0.10573872,Placement-Ready
0.39269245,0.33105397,0.13078262,0.15482384,0.6130548,0.65094113,0.5944061,0.013207791,0.47989866,0.2790258,0.7187692,0.53184164,0.82715505,Beginner
0.5924201,0.31103897,0.26059368,0.14008904,0.9618109,0.51092535,0.4867743,0.016060939,0.8080377,0.09090909,1.0,0.51537627,0.64253813,Beginner
0.2289122,0.1994685,0.16214652,0.29399276,0.67230904,0.9819736,0.80543023,0.017602956,0.5760682,0.31948006,0.71729916,0.64531076,0.82039696,Beginner
0.64142746,0.31943333,0.20821278,0.36567104,0.82908434,0.7798842,1.0,0.008697632,0.5364478,0.19241624,0.9107274,0.4240199,0.5641333,Beginner
0.69339216,0.57351303,0.4713249,0.79852235,0.5997512,0.30938038,0.33489704,0.00904385,0.2509756,0.3062481,0.42238006,0.52267843,0.7013171,Intermediate
0.34747514,0.23869053,0.37298542,0.37782726,0.52285993,0.65298396,0.8409846,0.0011233386,0.75413567,0.24245964,0.645128,0.64867747,0.54919785,Beginner
0.47762206,0.17691357,0.23819679,0.40685713,0.5505442,0.7476951,0.6519766,0.06365089,0.35260984,0.09090909,0.82829124,0.6945477,0.8300592,Beginner
0.8129438,0.51533455,0.27540636,0.57245654,0.4897572,0.35036105,0.11300617,0.021563614,0.1231113,0.3710412,0.16087435,0.47201684,0.5178628,Intermediate
0.66651976,0.1139552,0.28913948,0.1814351,0.8211512,0.8712006,0.49007908,0.0,0.90110904,0.28768942,0.7369116,0.7780132,0.7556736,Beginner
0.88054186,0.85528487,0.86170906,0.92289704,0.15124455,0.1091619,0.05,0.15371905,0.057424765,0.89808905,0.062153313,0.3167257,0.12987003,Placement-Ready
0.6089801,0.7282084,0.5360781,0.56268257,0.5003637,0.0,0.27414,0.07004188,0.2818489,0.402433,0.33538124,0.652417,0.66765654,Intermediate
0.91268754,0.9043927,0.5547352,0.8462319,0.1334069,0.17008175,0.090355426,0.14305818,0.028403351,0.89974624,0.024308862,0.14202197,0.16216366,Placement-Ready
0.96364975,0.8550587,0.6574868,0.84935385,0.14723036,0.13509385,0.07435812,0.068486474,0.0,0.8617291,0.0,0.10854678,0.24310303,Placement-Ready
0.9697814,0.9732058,0.69153756,0.8826813,0.12724647,0.019764679,0.083975695,0.1353266,0.10725007,0.8321658,0.07195691,0.16692033,0.13381712,Placement-Ready
0.56093526,0.21181254,0.20695464,0.16061169,0.69038993,0.6983222,0.441516,0.008427713,0.22127707,0.20120852,0.75018084,0.52743673,0.8791095,Beginner
0.6431688,0.46432713,0.20581147,0.27321583,0.6464708,0.64323276,0.9135357,0.017110813,0.68370885,0.09090909,0.6425291,0.9108488,0.84929985,Beginner
0.5649782,0.6915043,0.4358603,0.57153773,0.4184962,0.21421489,0.33588606,0.05395946,0.37867147,0.54726845,0.5910916,0.2963103,0.46608478,Intermediate
0.6650529,0.5144814,0.51521856,0.50892013,0.47707832,0.48090905,0.15772514,0.049264498,0.3957775,0.43063977,0.2126139,0.28613946,0.7281401,Intermediate
0.701124,0.5841045,0.4530377,0.6342603,0.43495578,0.3022783,0.28408727,0.0,0.42529085,0.57668656,0.23923425,0.34420246,0.5913715,Intermediate
0.721555,0.5124706,0.52171844,0.5193869,0.39372307,0.25218695,0.2655147,0.05601425,0.40563795,0.49679908,0.49615306,0.77883035,0.53932023,Intermediate
0.7127174,0.71431935,0.3248651,0.50716436,0.5335113,0.17626145,0.24078342,0.07050778,0.19153903,0.4967576,0.36520076,0.32092142,0.5891283,Intermediate
0.7138864,0.6951278,0.55539215,0.53922147,0.4182135,0.5839658,0.24552913,0.005738202,0.05704652,0.5245065,0.32967457,0.35311377,0.75390214,Intermediate
0.31613976,0.33258408,0.31666782,0.3869757,0.7077672,0.9103759,0.64259,0.021160115,0.7147374,0.09090909,1.0,0.6577676,0.86921525,Beginner
0.8349546,0.5592677,0.5713212,0.49547675,0.42048573,0.24191251,0.40162885,0.014821454,0.48484257,0.45985216,0.24126396,0.47505045,0.7100022,Intermediate
0.70537853,0.67642754,0.32249427,0.49643993,0.4878562,0.32009548,0.23116438,0.03814364,0.25981256,0.7097158,0.29940584,0.259556,0.45611247,Intermediate
0.70374155,0.6051811,0.687039,0.52643216,0.49655735,0.2590503,0.3258756,0.04935136,0.35280374,0.4555209,0.37699503,0.06486223,0.3870262,Intermediate
0.7386212,0.6315362,0.4623296,0.7596635,0.41236794,0.037368603,0.2868327,0.0065779453,0.36751738,0.8073452,0.46324155,0.4888242,0.50108093,Intermediate
0.4019362,0.41211385,0.23525846,0.274977,0.84932184,0.45676047,0.2674951,0.0,0.5253452,0.09090909,0.6465319,0.44476262,0.8585259,Beginner
0.50163656,0.67712516,0.44590572,0.60240376,0.41495597,0.20796072,0.2917864,0.030470408,0.075692676,0.23316203,0.29961157,0.68911535,0.60615325,Intermediate
0.6229881,0.5486047,0.5854169,0.46412206,0.38105005,0.4285759,0.15034716,0.020565031,0.3737817,0.6076928,0.2905122,0.38140306,0.62335134,Intermediate
0.4471755,0.5130896,0.4185724,0.5981041,0.41858777,0.47542706,0.27575818,0.020805806,0.5170507,0.6279889,0.14901632,0.4999058,0.51068634,Intermediate
0.7281165,0.6109253,0.3299989,0.5247372,0.3661813,0.29359624,0.44172594,0.081400566,0.38329414,0.6352694,0.39581537,0.47719067,0.3741643,Intermediate
0.8610427,0.8794559,0.77387714,0.7535577,0.2893465,0.042380974,0.098189786,0.17302306,0.0,0.77251023,0.06190944,0.080748275,0.39264563,Placement-Ready
0.6976382,0.7416166,0.5725543,0.57981825,0.384727,0.4524069,0.20864688,0.01788284,0.39148638,0.43484256,0.30402812,0.61340696,0.5829185,Intermediate
0.79675317,0.570434,0.41722965,0.54157686,0.43827462,0.25080907,0.075181216,0.0749418,0.27297506,0.5565573,0.2629028,0.5314194,0.94892836,Intermediate
0.8464267,0.7890298,0.80141497,0.85767835,0.17503288,0.019833347,0.08614745,0.17323093,0.008305065,1.0,0.1713202,0.19385324,0.09682803,Placement-Ready
0.5897771,0.30812913,0.2587673,0.28209704,0.84879065,0.9214083,0.6530328,0.0056246696,0.77672136,0.09090909,0.587788,0.7003771,0.8619676,Beginner
0.78276575,0.704355,0.5568148,0.3240257,0.29732895,0.4055623,0.2635518,0.044432916,0.3553376,0.45613432,0.31449246,0.3541402,0.74730164,Intermediate
0.5154883,0.29195842,0.18276398,0.3563821,0.5808927,0.795155,0.39150304,0.021462413,0.5477945,0.19408952,0.81188554,0.3605473,0.72192985,Beginner
0.383779,0.36900738,0.30701682,0.33299422,0.83263445,0.57026815,0.5994428,0.006577339,0.53118724,0.14776963,0.6030112,0.3563992,0.7198228,Beginner
0.68993044,0.52536863,0.66097766,0.3545223,0.3672205,0.37375098,0.25159088,0.053271145,0.39156598,0.44971716,0.255833,0.3888616,0.50827265,Intermediate
0.2718349,0.4257619,0.2524845,0.22180909,0.6576394,0.83967763,0.22531174,0.016267592,0.38019106,0.29566216,0.77419496,0.74661857,0.80983865,Beginner
0.61962205,0.34067276,0.14304921,0.2661649,0.7738904,0.55738944,0.67154455,0.011140571,0.71128434,0.1993957,0.6523346,0.7652501,0.7250722,Beginner
0.43442103,0.2017706,0.22471873,0.3036247,0.74028426,0.7455696,0.40745348,0.009260729,0.7220432,0.19608845,0.6620203,0.68363243,0.88575315,Beginner
0.771433,0.71022,0.64230216,0.5905332,0.2836521,0.3548126,0.19927159,0.06634825,0.5288206,0.6664046,0.40626302,0.30978274,0.8104732,Intermediate
0.20222636,0.5710332,0.26158968,0.275201,0.8839413,0.82641166,0.5718893,0.005770621,0.7198901,0.21688281,0.6285165,0.8628553,0.8352022,Beginner
0.7317202,0.79896307,0.38661095,0.44237685,0.17290348,0.1713829,0.23486954,0.03344585,0.18819275,0.45767212,0.3698767,0.45187575,0.60400474,Intermediate
0.66814333,0.5122833,0.599606,0.58225334,0.42727935,0.5237499,0.12174433,0.06708153,0.21466427,0.60398275,0.34014693,0.41857076,0.5114961,Intermediate
0.46218106,0.23665465,0.3157038,0.46441066,0.7522306,0.39088643,0.4623726,0.030953174,0.48157716,0.3428201,0.6590571,0.5553501,0.89350253,Beginner
0.5664214,0.6922496,0.48200107,0.74727094,0.3181525,0.40540662,0.1724214,0.011201464,0.29760754,0.43340063,0.442617,0.35184872,0.68797725,Intermediate
0.73435545,0.80752254,0.5325417,0.65178066,0.3024467,0.49519065,0.19736092,0.05088046,0.28367272,0.5954056,0.14280282,0.1075142,0.5679851,Intermediate
0.49114585,0.3191507,0.22546965,0.123353556,0.95043933,0.75049543,0.5430634,0.0073580015,0.6279554,0.21890227,0.7312536,0.22512206,0.80202687,Beginner
0.91919184,0.9198643,0.6701569,0.7662901,0.16329016,0.11202548,0.051475693,0.11246806,0.013926399,0.9325015,0.07342757,0.09170383,0.10236622,Placement-Ready
0.50055116,0.30413255,0.25544018,0.36418596,0.6384923,0.7910208,0.5464718,0.017918663,0.17455451,0.17280962,0.6595769,0.71483946,0.8564053,Beginner
0.8538133,0.8635912,0.7065958,0.88303095,0.23222972,0.08763787,0.062151603,0.11000206,0.061019786,0.8680725,0.13428932,0.111579336,0.09816194,Placement-Ready
0.34993276,0.11072378,0.24491927,0.10746817,0.7320682,0.80015475,0.6182187,0.0039599454,0.60125464,0.09090909,0.9225401,0.6192074,0.934226,Beginner
0.67058766,0.5112162,0.52950436,0.46586704,0.4104542,0.35829714,0.41720417,0.060212996,0.024054319,0.28206062,0.30662495,0.3105228,0.15474473,Intermediate
0.66726726,0.7989137,0.465771,0.68765175,0.35367382,0.48212364,0.25534523,0.04992909,0.17602894,0.52656513,0.46861482,0.2948431,0.4751575,Intermediate
0.39611557,0.2138297,0.22240251,0.0,0.92313504,0.485776,0.90068394,0.008245588,0.5576666,0.12475146,0.70679414,0.8627797,0.50146294,Beginner
0.52046716,0.8113913,0.46843034,0.6798229,0.47217673,0.5783632,0.18740192,0.049091637,0.26712012,0.5279085,0.44590607,0.7767624,0.5414057,Intermediate
0.8697412,0.5375018,0.5587519,0.58834577,0.388738,0.48228845,0.32897857,0.061062235,0.14041726,0.2948221,0.15222383,0.41338715,0.9173015,Intermediate
0.72666323,0.56986165,0.50726366,0.4385224,0.46641204,0.39747784,0.24646112,0.056518413,0.078907214,0.6455435,0.2376422,0.39378646,0.7297556,Intermediate
0.6285387,0.48616582,0.5367002,0.49476615,0.3375286,0.4030141,0.09668254,0.011143679,0.40063083,0.19124997,0.18279868,0.18002407,0.5270795,Intermediate
0.40543497,0.23017797,0.32005268,0.10729312,0.6369455,0.8202531,0.95022714,0.0062131328,0.68256426,0.09090909,0.6106522,0.8198297,0.84389156,Beginner
0.951871,0.8779256,0.71375465,0.8764584,0.07176042,0.15938056,0.05,0.076251335,0.05576461,0.8821963,0.07563508,0.061189763,0.3333348,Placement-Ready
0.4134793,0.18124016,0.24478565,0.32605323,0.8537365,0.69220686,0.5740359,0.011318998,0.5705996,0.26944354,1.0,0.5663762,0.63562363,Beginner
0.6180631,0.1611378,0.20162117,0.23130147,0.78184354,0.52117515,0.7407762,0.019413235,0.4512281,0.09090909,0.63465875,0.7243248,0.7284076,Beginner
0.53682643,0.4428943,0.43556124,0.6570454,0.45053935,0.38763705,0.2670401,0.00798105,0.24411565,0.36163387,0.22091284,0.5399368,0.4709239,Intermediate
0.6537465,0.32844755,0.3028103,0.30346775,1.0,0.86732686,0.9436814,0.0,0.61933523,0.15236977,0.731253,0.5292561,0.84754395,Beginner
0.54341435,0.6514553,0.36900616,0.4112629,0.35861322,0.24425331,0.34207505,0.060560293,0.12713332,0.355788,0.2543163,0.43913922,0.7509567,Intermediate
0.39188173,0.24775852,0.17465493,0.34730965,0.69360536,0.8573105,0.8445424,0.0,0.8265853,0.36912933,0.78780055,0.7398626,0.9244406,Beginner
0.3035996,0.25488412,0.26413926,0.3940314,0.72219247,0.65828604,0.83078015,0.0,0.52229583,0.19912945,0.8173828,0.573529,0.80413294,Beginner
0.91974837,0.74019665,0.5280712,0.5281902,0.45040503,0.4951214,0.27545327,0.02706526,0.26856184,0.46518362,0.334833,0.49700448,0.7096248,Intermediate
0.52053446,0.30013797,0.117858164,0.3835536,0.95331436,0.5232476,0.77352643,0.014280288,0.39560518,0.09090909,0.806024,0.59034437,1.0,Beginner
0.65461475,0.559431,0.31100312,0.1956271,0.71765804,0.8502995,0.26333106,0.008368195,0.5523694,0.23492104,0.84207994,0.5383159,0.75027525,Beginner
0.5770643,0.7546673,0.5647747,0.40255916,0.17703234,0.27207914,0.18748926,0.06998705,0.29866937,0.6091393,0.14102003,0.5947897,0.70814836,Intermediate
0.6084002,0.61479247,0.25173625,0.5356454,0.5930642,0.53392637,0.2952679,0.039880607,0.31047475,0.6047574,0.41040164,0.58637977,0.55445015,Intermediate
0.53341424,0.30246422,0.22719648,0.34039652,0.5891294,0.9442701,0.64272606,0.013149977,0.5197241,0.23072931,0.7571931,0.8313473,0.6270207,Beginner
0.8748448,0.9225371,0.80828065,0.8404568,0.09168862,0.035308383,0.12546414,0.057122856,0.037432536,0.86215127,0.099228606,0.030226326,0.23741762,Placement-Ready
0.5579148,0.4516394,0.26816946,0.25864443,0.7598353,0.5772122,0.6154961,0.013077418,0.35164788,0.21219786,0.72671115,0.36382887,0.6967538,Beginner
0.9004208,0.84070957,0.9330095,0.88078755,0.10889666,0.028042754,0.07734874,0.19353828,0.08305565,0.9538522,0.01221425,0.20046234,0.14622149,Placement-Ready
0.65856135,0.56923324,0.48709077,0.5263347,0.37215352,0.44348523,0.053246293,0.021875113,0.35249633,0.37675208,0.24248004,0.38244084,0.5281425,Intermediate
0.58630675,0.39957523,0.1978481,0.24695331,0.7657114,0.61677605,1.0,0.0068832915,0.8047043,0.09090909,0.8058197,0.72183084,0.79709876,Beginner
0.21145229,0.15835023,0.31880975,0.21158896,0.73216736,0.7923786,0.5258819,0.028250461,0.54539603,0.2150114,0.8956412,0.890338,0.71095926,Beginner
0.35025007,0.24891423,0.334172,0.2585846,0.9534559,0.7507351,0.54480356,0.0070849876,0.39756918,0.2815103,0.6857982,0.7283445,0.7369106,Beginner
0.5767165,0.4078719,0.28469303,0.22669843,0.98096174,0.8170003,0.6807831,0.058964383,0.6636746,0.20802288,0.6687853,0.5337625,0.68037117,Beginner
0.5564915,0.4498591,0.27877676,0.25709724,0.73201907,0.8277895,0.56802845,0.0061127185,0.18041906,0.17426315,0.91450065,0.83889747,0.80639344,Beginner
0.5685909,0.4909297,0.13698362,0.24632126,0.9661457,0.6351265,0.5029266,0.008547892,0.5109304,0.2301634,0.48296848,0.8964089,0.6848404,Beginner
0.7809311,0.61150336,0.3601449,0.48285198,0.5901913,0.30169487,0.44192812,0.021700421,0.14197965,0.4080139,0.29235002,0.58846307,0.66761553,Intermediate
0.4681372,0.09228802,0.20117809,0.507499,0.5599263,0.42270532,0.30016375,0.018342681,0.82495534,0.1352192,0.85248184,0.85853827,1.0,Beginner
0.4738069,0.38385415,0.28597364,0.14007595,0.7011136,0.9387986,0.6216024,0.0,0.64338887,0.24134466,0.8286062,0.50931954,1.0,Beginner
0.58163166,0.3241409,0.24602014,0.3915116,0.9103377,0.67728066,0.36436406,0.014516579,0.82215065,0.25047135,0.9126716,0.6182166,0.74400574,Beginner
0.57213634,0.63060826,0.51111007,0.7508449,0.28793246,0.41521224,0.161991,0.011679121,0.38817057,0.54599077,0.36625424,0.25252557,0.6125381,Intermediate
0.7639428,0.70928407,0.6179024,0.61035126,0.44159228,0.21638694,0.17489731,0.06894159,0.42558143,0.55324537,0.23826998,0.58657384,0.42581332,Intermediate
0.3528506,0.38166985,0.26949295,0.40435225,0.9509981,0.6519384,0.7265883,0.0,0.588419,0.25622588,0.77007717,0.71699595,0.7744073,Beginner
0.73972666,0.69860965,0.40640682,0.54384017,0.5476754,0.27175668,0.256667,0.0,0.077723175,0.4760251,0.44735855,0.24569555,0.6111846,Intermediate
0.041283805,0.271719,0.21599478,0.2237337,0.82813364,0.6795738,0.61383,0.012357085,0.5929644,0.1662931,0.61595196,0.73916686,0.7660403,Beginner
0.36390495,0.16353513,0.23907721,0.4641859,0.54825443,0.57681066,0.7221929,0.012221362,0.49099606,0.20182854,0.8966318,0.63524956,0.7776791,Beginner
0.89957845,0.8086633,0.7480049,0.9924874,0.1660187,0.07227263,0.07211888,0.065153174,0.07858991,0.804284,0.078195766,0.18554984,0.41425577,Placement-Ready
0.6831309,0.6972834,0.6228846,0.7006391,0.4497082,0.43344888,0.44429615,0.0664903,0.17322496,0.2004936,0.2710617,0.5437113,0.74384254,Intermediate
0.8165878,0.58880407,0.446752,0.559964,0.5597546,0.2803158,0.30702823,0.02403132,0.13414417,0.5697786,0.49612433,0.5833503,0.29192558,Intermediate
0.5225256,0.34966347,0.270808,0.29802036,0.48955718,0.5899673,0.59406227,0.014963437,0.7534615,0.19493213,0.7996176,0.6627298,0.8822743,Beginner
0.9595668,0.8139788,0.7064117,0.82292616,0.24111861,0.009207509,0.05,0.03147895,0.0,0.79190105,0.087469704,0.057882026,0.28619483,Placement-Ready
0.4776982,0.33937973,0.06578619,0.21653399,0.91844034,0.71266544,0.31896204,0.010528183,0.9408211,0.29517198,0.7406994,0.7927174,0.7560192,Beginner
0.61705834,0.4938929,0.13997349,0.16867061,0.86875284,0.7469373,0.670126,0.01497962,0.72694427,0.28269997,0.8114728,0.6138114,0.8807089,Beginner
0.4972232,0.68737304,0.39744782,0.5072903,0.2890127,0.26910937,0.17102306,0.03814173,0.2622845,0.4701838,0.19853719,0.42903948,0.4639762,Intermediate
0.4506829,0.502674,0.14856464,0.09999694,0.84742457,0.5271743,0.3394845,0.0,0.52354956,0.17881906,0.6723955,0.85854995,0.9579065,Beginner
0.46330312,0.62761927,0.27870393,0.517607,0.50216585,0.38894817,0.23369387,0.06588746,0.22021863,0.41544914,0.38042006,0.4452906,0.8863164,Intermediate
0.7193752,0.48075536,0.7128903,0.76062864,0.2688646,0.10076847,0.24102546,0.07697733,0.29517293,0.4899939,0.24723461,0.47194186,0.74167156,Intermediate
0.86812586,0.6222916,0.36279815,0.63386256,0.33306235,0.40011793,0.23570696,0.019842224,0.3212312,0.49356684,0.17689542,0.25828022,0.61059415,Intermediate
0.65118635,0.53818655,0.2760041,0.52020824,0.5010131,0.14241566,0.132308,0.052732464,0.2826043,0.53560907,0.15255278,0.40125322,0.7792778,Intermediate
0.28485525,0.15659112,0.20467737,0.25689688,0.4492463,0.70470756,0.6084268,0.0151884025,0.840927,0.259214,0.65694547,0.53953815,0.8695405,Beginner
0.21358782,0.28884664,0.23376743,0.25548673,0.99119025,0.6976299,0.22120129,0.040088207,0.4618783,0.26988593,0.524363,0.6867818,0.7046545,Beginner
0.64084566,0.09078927,0.33302674,0.4110041,0.44206846,0.88288903,0.8110438,0.010962565,0.34056628,0.27411166,0.71381533,0.7323318,1.0,Beginner
0.7266115,0.64526564,0.5133488,0.7493556,0.5115847,0.32011488,0.0854423,0.04792166,0.12680218,0.45777386,0.17089608,0.6384775,0.7026634,Intermediate
0.90959084,0.8390098,0.69012344,0.7345129,0.07985146,0.0322493,0.05,0.18470943,0.07115481,0.84075993,0.14656304,0.06430751,0.13800189,Placement-Ready
0.95101476,0.8170221,0.8839589,0.8477037,0.1052923,0.0,0.10545645,0.113112144,0.0,0.65824765,0.05625703,0.18238007,0.15023088,Placement-Ready
0.20804611,0.25110078,0.170741,0.16391294,0.7399787,0.7674102,0.4867971,0.007345916,0.7282558,0.09090909,0.69360965,0.39860883,0.8130095,Beginner
1.0,0.88716906,1.0,0.87656474,0.19707388,0.0,0.08569869,0.031955782,0.02962894,0.8512019,0.075913966,0.13560566,0.4289715,Placement-Ready
0.58287317,0.64537245,0.22495097,0.6296631,0.25906432,0.36559173,0.13053724,0.049376946,0.3867418,0.6594764,0.11503708,0.5963209,0.6196729,Intermediate
0.90847397,0.9284315,0.7784944,0.8526963,0.23818998,0.020519255,0.0807137,0.15238993,0.022721592,0.92294306,0.108627394,0.14190586,0.2067849,Placement-Ready
0.7361599,0.59035504,0.6088871,0.7128753,0.3068812,0.33685437,0.23743346,0.08055744,0.17798369,0.60422677,0.12407284,0.63653183,0.7277825,Intermediate
0.3144989,0.21297438,0.23752885,0.25925738,1.0,1.0,0.4453833,0.010963014,0.6392609,0.10928966,0.8442573,0.6140739,0.6718838,Beginner
0.8857098,0.75295347,0.6834563,0.89644474,0.19466056,0.11525393,0.06606268,0.17049187,0.029329855,0.965153,0.10067834,0.13344026,0.2412093,Placement-Ready
0.7017069,0.6739041,0.48135856,0.6006471,0.34116384,0.38192216,0.1331509,0.031986322,0.2576532,0.32585835,0.23939793,0.4254111,0.66033936,Intermediate
0.88289195,0.54865664,0.58841765,0.46135527,0.5284294,0.3109745,0.25827795,0.044312526,0.37573,0.47793797,0.4091957,0.54829,0.64227474,Intermediate
0.67331594,0.566124,0.4111913,0.6249621,0.35832366,0.40517718,0.34277678,0.03963379,0.39676496,0.6212267,0.34742168,0.554935,0.6603959,Intermediate
0.8368053,0.7477027,0.6750273,0.90335804,0.103687376,0.05606473,0.077553965,0.04855372,0.05911363,0.8341301,0.0,0.16561805,0.2595801,Placement-Ready
0.27145496,0.23534271,0.13347615,0.452457,0.92391264,0.7188041,0.8959888,0.011594808,0.42774317,0.320284,0.83083653,0.49441308,0.77715933,Beginner
0.76846576,0.4086649,0.23440968,0.5501139,0.46106803,0.43222952,0.44057882,0.051711276,0.2839712,0.61207175,0.25510406,0.5083122,0.6673464,Intermediate
0.71853966,0.68319005,0.41147193,0.48210546,0.4649605,0.12389856,0.19157709,0.11596026,0.15479806,0.611064,0.2296859,0.52635676,0.6981534,Intermediate
0.37815616,0.26343247,0.10352681,0.50245136,0.9024264,0.8469373,0.42743814,0.01161438,0.58370125,0.25291768,0.9539578,0.43486765,0.6710387,Beginner
0.94564974,0.9397124,0.841958,0.91907674,0.062118925,0.061580885,0.09911441,0.07389656,0.054583568,0.9108604,0.10657121,0.17950371,0.27989128,Placement-Ready
0.42453128,0.30479616,0.2465475,0.19914684,0.54906225,0.612504,0.6314109,0.0122965295,0.60827583,0.23170075,0.6628281,0.65400213,0.86865115,Beginner
0.5864988,0.66944975,0.53697747,0.56490487,0.58224636,0.23798,0.4275037,0.050011702,0.024664428,0.43010873,0.41513953,0.39524174,0.37878323,Intermediate
0.53984916,0.113896005,0.22901261,0.35279062,0.728445,0.55034363,0.6841927,0.019191673,0.7781044,0.21508266,0.76468706,0.5151481,0.9038294,Beginner
0.32693252,0.3843971,0.077055104,0.59699905,0.9107587,0.6755539,0.548175,0.008928577,0.9680073,0.2635045,0.68350226,0.46417776,0.9435325,Beginner
0.79621047,0.8349649,0.8162781,0.72146994,0.13170236,0.0061646937,0.09466793,0.21400419,0.03951504,0.9119573,0.11033116,0.27430376,0.15474471,Placement-Ready
0.58166057,0.6890095,0.42572713,0.3922126,0.22116111,0.4474065,0.15712434,0.046286456,0.537432,0.50570667,0.238785,0.2737257,0.6652457,Intermediate
0.3828776,0.22493732,0.19603604,0.25026202,0.58540386,0.65062004,0.67753595,0.00045942518,0.83131635,0.29723758,0.5632274,0.85364294,0.7827702,Beginner
0.7552262,0.61933213,0.608268,0.6384504,0.24918307,0.17632651,0.21302833,0.015177435,0.17226122,0.42615145,0.23563847,0.36689335,0.626736,Intermediate
0.8495263,0.80171907,0.7503527,0.80759597,0.20482637,0.015375189,0.11303009,0.21750385,0.10547214,0.9090985,0.07261022,0.16511269,0.14437085,Placement-Ready
0.6411959,0.47043958,0.5742605,0.6549024,0.4676946,0.53534895,0.13380799,0.06117767,0.56477416,0.64549136,0.5270347,0.48615047,0.5112221,Intermediate
0.73212355,0.65185153,0.388427,0.46786413,0.5812231,0.5279169,0.243703,0.0483093,0.63342476,0.4607273,0.2859852,0.3309887,0.56495035,Intermediate
0.54930776,0.6346215,0.36511543,0.655547,0.31146735,0.26410446,0.05,0.053039882,0.27586427,0.292493,0.32325584,0.60406053,0.5676648,Intermediate
0.680592,0.7478485,0.25834495,0.5083873,0.31499916,0.33818075,0.256747,0.058740024,0.24795398,0.33490604,0.5023208,0.811746,0.621493,Intermediate
0.7301248,0.83542275,0.46277598,0.48447415,0.5156456,0.11343379,0.38870105,0.013043979,0.37723413,0.38924143,0.1110764,0.47677013,0.74216944,Intermediate
0.31950456,0.20865749,0.21858026,0.15417525,0.8249018,0.788877,0.54108447,0.007979718,0.6370982,0.17919548,0.9495239,0.69773984,0.93147033,Beginner
0.482292,0.22281809,0.35290414,0.20989035,0.74398965,0.767665,0.27755454,0.018729165,0.8532814,0.21611784,0.99770266,0.45097524,1.0,Beginner
0.91405886,0.8337535,0.6448073,0.8055436,0.20961519,0.057937574,0.05998877,0.12877043,0.03653231,0.93231755,0.00039462798,0.19211741,0.21538617,Placement-Ready
0.6304832,0.6456345,0.3862599,0.6092956,0.37303108,0.13430811,0.29716304,0.03701875,0.4537573,0.42788693,0.21464273,0.44501328,0.7862956,Intermediate
0.6724818,0.58719295,0.5258421,0.6356152,0.43898475,0.32551262,0.33471113,0.044440676,0.20175232,0.25436068,0.41798142,0.45185852,0.63163084,Intermediate
0.65126795,0.43588883,0.3819094,0.73128706,0.3665305,0.50498366,0.18343945,0.06440545,0.26346007,0.6622775,0.26240128,0.36864206,0.8207232,Intermediate
0.9090512,0.82818073,0.71982324,0.8303678,0.21535708,0.13738503,0.05,0.11655447,0.04293284,0.75613457,0.07281765,0.16183965,0.27188346,Placement-Ready
0.63280237,0.7121189,0.48013866,0.76015323,0.34851354,0.6767977,0.32861206,0.08871331,0.23043041,0.5097768,0.1836865,0.5765984,0.73485625,Intermediate
0.36942905,0.11481573,0.2826872,0.16856283,0.74393106,0.60282654,0.54804,0.024097573,0.7604257,0.26020214,0.53756595,0.47732693,0.45931056,Beginner
0.94188744,0.8007215,0.65415806,0.8848459,0.13919482,0.08892366,0.072222285,0.07549157,0.0,0.8331756,0.0011897964,0.22910208,0.3544947,Placement-Ready
0.89140874,0.8505119,0.842272,0.81780475,0.11367454,0.031687874,0.054735012,0.13563812,0.0,0.8913829,0.15597789,0.10935638,0.1545368,Placement-Ready
0.26899633,0.25351912,0.25849372,0.13144986,0.63683313,0.74066156,0.7734707,0.01916064,0.618348,0.120715216,0.7913495,0.73492074,0.8314233,Beginner
0.7365571,0.6805379,0.30846947,0.4040633,0.5889307,0.49266818,0.06097398,0.067262776,0.4184739,0.6475011,0.2251349,0.57499546,0.56450224,Intermediate
0.6705906,0.65240234,0.37191215,0.5287273,0.21535784,0.55761033,0.25883144,0.0,0.61053795,0.38925967,0.5926828,0.5066047,0.569598,Intermediate
0.6668501,0.62803626,0.52486277,0.6713409,0.3879357,0.3275172,0.23191926,0.015266412,0.24601334,0.73152167,0.19047855,0.40820155,0.5418767,Intermediate
0.28519845,0.35225618,0.07321536,0.0632836,1.0,0.6112355,0.64000297,0.0,0.61882484,0.11645394,0.51553655,0.8505381,0.9419079,Beginner
0.7297167,0.71385956,0.6245254,0.29416105,0.3754935,0.2146862,0.26437375,0.040157292,0.3887868,0.45193368,0.07247977,0.30493712,0.60086775,Intermediate
0.43367025,0.29920188,0.29752323,0.045978878,0.8223288,0.60147446,0.7836063,0.016606031,0.7446696,0.33139834,0.9189521,0.6263868,0.79984784,Beginner
0.8059129,0.8250129,0.66334736,0.8029402,0.2368331,0.15386347,0.080348715,0.10338047,0.12940496,0.8105827,0.011858811,0.20571864,0.26577342,Placement-Ready
0.8897828,0.7099519,0.74073404,0.92163527,0.09544738,0.014603726,0.06433021,0.09572268,0.048605725,0.7642658,0.056728728,0.14616044,0.28489405,Placement-Ready
0.38981953,0.29011104,0.2935261,0.21516706,0.8317755,0.7682547,0.4663819,0.019112676,0.56500804,0.113114074,0.83047646,0.5152298,0.80338174,Beginner
0.7958965,0.48431757,0.5494874,0.71181023,0.35973975,0.584367,0.18873934,0.05204956,0.3596301,0.5574452,0.26547164,0.60181683,0.66420215,Intermediate
0.68848354,0.49002683,0.30184454,0.44722497,0.85033584,0.89512646,0.45520705,0.0056629567,0.05217196,0.28964958,0.9810486,0.5670234,0.76952577,Beginner
0.22782277,0.36722934,0.09996188,0.07254674,1.0,0.609393,0.43316302,0.0,0.52984434,0.16111639,0.85732394,0.44013825,0.6175656,Beginner
0.5750273,0.22572252,0.2160636,0.30869007,0.81429744,0.777046,0.41441575,0.0061040446,0.48533204,0.15668274,0.95378745,0.59687316,0.6627729,Beginner
0.74249196,0.78766507,0.6407501,0.860836,0.33432296,0.6314284,0.17093264,0.057064462,0.4098715,0.384894,0.31055573,0.5865692,0.49345937,Intermediate
0.7858552,0.5640836,0.35223973,0.44438735,0.28250024,0.3007904,0.16527045,0.04883057,0.24120504,0.52493393,0.34592727,0.40141532,0.7863478,Intermediate
0.92751306,0.9399565,0.69215095,0.7828777,0.1807392,0.105387345,0.059560124,0.13605355,0.0,0.9331811,0.1287221,0.27167997,0.27737737,Placement-Ready
0.86471975,0.8970043,0.75324917,0.85490793,0.14969991,0.014285754,0.06257339,0.13515283,0.0,0.82508975,0.08526981,0.24557279,0.18874076,Placement-Ready
0.7708112,0.7013841,0.49471474,0.67803824,0.494526,0.403196,0.17776664,0.058982007,0.3730477,0.546447,0.40384838,0.24567531,0.52351063,Intermediate
0.984995,0.87123746,0.7922425,0.71955895,0.108281136,0.05608498,0.09518575,0.029098388,0.08941824,0.8309063,0.06659459,0.17028743,0.24693172,Placement-Ready
0.31822607,0.324353,0.2151677,0.38533363,0.8045833,0.60796154,0.79803324,0.009174265,0.70530736,0.13841721,0.65252596,0.66262525,0.8015394,Beginner
0.63825285,0.33443558,0.19010703,0.18912743,0.70258117,0.70406675,0.61669624,0.0066851364,0.5282468,0.17440702,0.7226373,0.6546614,0.71879953,Beginner
0.75715566,0.6815045,0.53873605,0.5818886,0.2732503,0.1873605,0.28947088,0.031166656,0.18633553,0.49256188,0.5445183,0.39038384,0.9076018,Intermediate
0.74337935,0.46922037,0.26078334,0.6207886,0.47654307,0.55342036,0.34683752,0.04655118,0.40877402,0.2077214,0.34725195,0.7098727,0.4956934,Intermediate
0.3392186,0.21155071,0.31282786,0.2883748,0.5751331,0.8230313,0.69723374,0.008285214,0.92396265,0.12562062,0.72465205,0.76529723,0.80921155,Beginner
0.4599109,0.34215868,0.28711525,0.17592962,0.7079214,0.5549769,0.68790025,0.017361121,0.69155455,0.33404475,0.7491606,0.75031126,0.6689959,Beginner
0.6297273,0.6217642,0.6854693,0.6152544,0.4592951,0.26716483,0.35264194,0.10012279,0.18127985,0.29337808,0.32106507,0.58132577,0.58629155,Intermediate
0.4601856,0.3891521,0.20006886,0.15383305,0.6495862,0.50378966,0.5117282,0.013519082,0.5583736,0.1998151,0.93523186,0.572377,1.0,Beginner
0.55855405,0.4761188,0.2199749,0.10817511,0.85908777,1.0,0.39704812,0.007987977,0.68328923,0.17691775,0.60265446,0.8182787,1.0,Beginner
0.5052255,0.16505364,0.26684028,0.33560795,0.7987192,0.90347564,0.46331364,0.0067682937,0.10307769,0.26543885,0.79707927,0.39772695,0.5889681,Beginner
0.5689207,0.23071349,0.21564327,0.19753511,0.5477994,0.6041378,0.77790827,0.024013376,0.730255,0.32215434,0.76280826,0.9113564,1.0,Beginner
0.64771056,0.5877939,0.5765296,0.5897974,0.4394544,0.37737238,0.0895879,0.0135251265,0.3095307,0.48762673,0.2287525,0.27067953,0.693691,Intermediate
0.90514845,0.75557345,0.660881,0.84834146,0.13878012,0.10071857,0.07101761,0.101590626,0.0,0.7861011,0.03103181,0.051975384,0.18709557,Placement-Ready
0.723251,0.62376094,0.47869563,0.37662995,0.5810535,0.2439811,0.27629408,0.028517721,0.8666235,0.4749211,0.22623746,0.5408638,0.7125093,Intermediate
0.93623525,0.8568099,0.7101773,0.94153637,0.24426521,0.05536645,0.07189279,0.20124924,0.0,0.91857165,0.046483174,0.29224622,0.22634467,Placement-Ready
0.70246416,0.60977656,0.30930248,0.5459829,0.32801864,0.44025883,0.4555193,0.030140465,0.35909447,0.46067485,0.38023558,0.55451894,0.6308119,Intermediate
0.99251014,0.7629193,0.7689304,0.9699214,0.14178291,0.043941762,0.061646204,0.18822071,0.027691359,0.9042021,0.087235294,0.14120023,0.17013355,Placement-Ready
0.66600883,0.4068916,0.08645676,0.3354624,0.83171606,0.6773568,0.67823803,0.05688513,0.33844003,0.31055695,0.7608207,0.99720985,0.8947725,Beginner
0.44427145,0.35692894,0.22573349,0.22091495,0.93599826,0.57214004,0.4452439,0.0026730972,0.6169946,0.09090909,0.64736366,0.54413664,0.768727,Beginner
0.8733661,0.8967875,0.7217203,0.7756122,0.19472031,0.12619124,0.07507962,0.20456634,0.051656872,0.86357194,0.1202336,0.24753842,0.08507448,Placement-Ready
0.80499434,0.62496614,0.25671864,0.69412684,0.4998862,0.0,0.31429932,0.049928036,0.10332843,0.57457465,0.5695426,0.5335194,0.76506424,Intermediate
0.18569924,0.36297396,0.1987264,0.31682497,1.0,0.39878538,0.46007985,0.10167047,0.8909652,0.09090909,1.0,0.6703784,0.7884799,Beginner
0.64754635,0.6641625,0.44872603,0.50013596,0.47582448,0.11676937,0.34031677,0.0052168467,0.04030131,0.3865029,0.33442366,0.6487895,0.6086434,Intermediate
0.8910424,0.8077448,0.42777988,0.49940273,0.40472224,0.3500484,0.42090553,0.030379733,0.33669883,0.35016093,0.31301618,0.7712547,0.8734562,Intermediate
0.60798436,0.62410975,0.7638968,0.4514021,0.39900047,0.24838969,0.28981787,0.0040709637,0.14457424,0.6288651,0.30111855,0.33819836,0.5931283,Intermediate
0.37203604,0.2922547,0.34422636,0.05639927,0.78268176,0.4765929,0.12403715,0.004924055,0.6824328,0.10929266,0.8093648,0.66597146,0.78331214,Beginner
0.68143153,0.46329534,0.5396125,0.6749291,0.3319482,0.2429497,0.23640521,0.06651057,0.13864644,0.77299243,0.14410248,0.3643939,0.77011204,Intermediate
0.40172258,0.1703168,0.25197503,0.17183717,0.71237415,0.8079546,0.8476566,0.011133739,0.6617666,0.336565,0.78611296,1.0,0.86786115,Beginner
0.4137618,0.25934732,0.21092117,0.4042892,0.55329096,0.56961817,0.8438986,0.022906862,0.46810085,0.3318862,0.89638233,0.6098358,0.50776815,Beginner
0.8091306,0.86248,0.8083261,0.9083108,0.230104,0.14734998,0.055446897,0.1400888,0.12412068,1.0,0.09350542,0.10747023,0.32352328,Placement-Ready
0.56255794,0.340373,0.21806435,0.14155577,0.8403206,0.54314405,0.83753586,0.0071401317,0.6402319,0.20757163,0.71116424,0.7380041,0.74301153,Beginner
0.9356459,0.9380232,0.8387564,0.7830534,0.19829302,0.062851764,0.05137483,0.04328797,0.16238715,0.81282675,0.072428636,0.16758473,0.2311685,Placement-Ready
0.5914193,0.70805144,0.4859752,0.6535385,0.4151952,0.3541964,0.303921,0.042013492,0.4620439,0.6242815,0.23435114,0.4249158,0.5438783,Intermediate
0.403161,0.39646018,0.16201852,0.14495675,0.7231921,0.91266555,0.8087691,0.010783464,0.8039553,0.09090909,0.8687481,0.48218507,1.0,Beginner
0.28149453,0.25731957,0.1992849,0.22745687,0.95950085,0.9111643,0.56566525,0.019987548,0.6715323,0.18768236,0.8859816,0.6608378,1.0,Beginner
0.8658102,0.8971395,0.7114819,0.89742154,0.19248188,0.028628593,0.07564666,0.19586703,0.05411852,0.8715043,0.09973912,0.18673508,0.18691595,Placement-Ready
0.5246982,0.20632048,0.110233665,0.39159307,0.90145135,0.9081778,0.7601404,0.027889136,0.7117448,0.16759297,0.8014389,0.8365204,0.70647496,Beginner
0.89662904,0.8098298,0.81775135,0.87372756,0.276964,0.116782986,0.073421635,0.01900396,0.09648186,0.94887966,0.15941824,0.0,0.24050838,Placement-Ready
0.68650097,0.5482361,0.38754898,0.61115146,0.47738773,0.5061562,0.30743864,0.03841382,0.40718246,0.49668923,0.31607303,0.35824603,0.5254686,Intermediate
0.8703861,0.77136064,0.65958124,0.8723123,0.16663417,0.254159,0.08646246,0.1343751,0.0413586,0.75290346,0.11383289,0.1436684,0.21216863,Placement-Ready
0.23496914,0.23737754,0.23159593,0.39495927,0.4548161,0.9571908,0.5186663,0.015165307,0.72374517,0.24866737,0.7592862,0.6943341,0.83468264,Beginner
0.3789057,0.2974973,0.2854213,0.4168249,0.8753382,0.7215529,0.33763275,0.0022045453,0.53895503,0.12640798,0.7219543,0.6584975,0.8635631,Beginner
0.6555688,0.6673492,0.27989134,0.6944018,0.63802814,0.3970833,0.24653473,0.050286584,0.33372742,0.35500363,0.16508009,0.39703363,0.62304026,Intermediate
0.7577206,0.6920486,0.5843548,0.70301616,0.30954087,0.5199243,0.18043545,0.028691815,0.37981743,0.62034637,0.3585616,0.4531206,0.64652306,Intermediate
0.4970237,0.35010943,0.23516653,0.37012553,0.38618183,0.8216813,0.46918488,0.0,0.7022405,0.30669624,0.7293827,0.7929312,0.9934734,Beginner
0.8615982,0.65255606,0.3835975,0.51715904,0.19496278,0.24218221,0.1158381,0.049607035,0.6534193,0.5581983,0.030616768,0.22235438,0.4051757,Intermediate
0.7741974,0.567874,0.45347553,0.6760442,0.4889143,0.55876267,0.1074831,0.0465449,0.34944463,0.55277014,0.36318997,0.32233834,0.67721355,Intermediate
0.19046764,0.21821082,0.25129676,0.31981382,0.7892332,0.89352506,0.6794794,0.004815433,0.5438996,0.09090909,0.73377913,0.8168151,0.8822348,Beginner
0.3306702,0.3738194,0.20196837,0.10736831,1.0,0.4395109,0.9036646,0.01512155,0.40616986,0.18402314,0.6856705,0.7711589,0.89455175,Beginner
0.72991645,0.58984864,0.2767982,0.72446495,0.45316988,0.38271102,0.24975322,0.01630214,0.1533787,0.5003845,0.23650648,0.41734305,0.5843016,Intermediate
0.9317354,0.511389,0.38067967,0.58655876,0.33970422,0.18190375,0.2639682,0.08117035,0.24161834,0.44350526,0.4212445,0.50113064,0.36415863,Intermediate
0.3474314,0.25360522,0.3168561,0.24792722,1.0,0.7252294,0.5175307,0.0060167084,0.45125678,0.2285587,0.555826,0.5272494,0.95893794,Beginner
0.74523944,0.64302725,0.4780275,0.82629865,0.4617407,0.5634237,0.24491999,0.005743433,0.22018059,0.5810452,0.3927298,0.4172088,0.6707376,Intermediate
0.91435146,0.8980522,0.72062695,0.85889375,0.23637548,0.1475699,0.05,0.17138164,0.042706873,0.89685214,0.0483197,0.272065,0.2460179,Placement-Ready
0.969489,0.82316417,0.763039,0.75894797,0.18375434,0.12560457,0.09478819,0.15839225,0.019078441,0.8045337,0.12772427,0.21495992,0.2028005,Placement-Ready
0.31468445,0.39262575,0.1891198,0.27185178,0.6362724,0.78539217,0.44761175,0.009794175,0.7755652,0.25370538,0.7466955,0.38478035,1.0,Beginner
0.67822325,0.6431425,0.5697042,0.643846,0.4711034,0.2192871,0.44172105,0.05532063,0.40947482,0.35066307,0.27769193,0.5065476,0.32933885,Intermediate
0.806149,0.8708573,0.66201633,0.780755,0.18405329,0.0,0.06550685,0.07406423,0.0,0.7907105,0.015847465,0.18755841,0.3396527,Placement-Ready
0.51892006,0.6075144,0.30539605,0.36041152,0.42301652,0.30431068,0.293067,0.06682962,0.19567198,0.2678361,0.2634719,0.6430602,0.7253486,Intermediate
0.6414719,0.41833237,0.35391212,0.13177668,1.0,0.6468916,0.7067296,0.022549702,0.57098466,0.15200529,0.8701621,0.48350707,0.93764734,Beginner
0.8823836,0.7078452,0.82807076,0.87503666,0.12553506,0.07904248,0.09516193,0.027794817,0.0,0.8331738,0.08142342,0.14531109,0.30892947,Placement-Ready
0.88546556,0.9101729,0.8795985,0.79719603,0.18119884,0.117592715,0.08138932,0.082205616,0.0850632,1.0,0.1705731,0.19602199,0.2965973,Placement-Ready
0.7331671,0.8004963,0.4940344,0.584969,0.47904706,0.50945234,0.2827096,0.0130299255,0.03480516,0.401916,0.30261782,0.16980225,0.5955286,Intermediate
0.84476453,0.86942124,0.89916027,0.86134905,0.16562718,0.0,0.05,0.13173942,0.051282477,0.8844947,0.19018963,0.21009022,0.3004466,Placement-Ready
0.62487584,0.68590283,0.6657562,0.8026958,0.41711247,0.30620605,0.16158684,0.070782036,0.19999039,0.46916956,0.19436812,0.42616177,0.66584784,Intermediate
0.9094459,0.8368733,0.95254034,0.81515026,0.27165842,0.08330215,0.05,0.16309243,0.113312736,0.8591822,0.15398306,0.0165738,0.08144357,Placement-Ready
0.4379843,0.7095639,0.36050394,0.48738506,0.39007995,0.32866096,0.30236447,0.047189686,0.15147917,0.53185,0.2113371,0.4026005,0.5304123,Intermediate
0.86287713,0.74506545,0.8646631,0.8034026,0.18776041,0.08744255,0.08014638,0.0,0.068056375,0.8137761,0.13074808,0.1662209,0.28316984,Placement-Ready
0.35795674,0.33370098,0.40242082,0.16194673,0.650729,0.57803714,0.8442847,0.005141113,0.42997316,0.2028152,0.7962332,0.8106531,0.8110311,Beginner
0.58709353,0.65369034,0.3735481,0.7810764,0.3806005,0.4412728,0.16387118,0.021016352,0.071222186,0.42798322,0.2633629,0.49487996,0.5064605,Intermediate
0.84217435,0.8198342,0.6224788,0.75916594,0.19121087,0.119141296,0.083848186,0.09095311,0.021438522,0.80105996,0.11399811,0.1593036,0.17525968,Placement-Ready
1.0,0.7756574,0.79753363,0.74522084,0.19471107,0.02478539,0.05,0.041561503,0.019620124,0.90926075,0.15524416,0.2642053,0.06880027,Placement-Ready
0.8067958,0.6624345,0.6171683,0.5870507,0.4465154,0.18497266,0.38904795,0.03863336,0.28067988,0.7937092,0.27359912,0.5609103,0.6771799,Intermediate
0.3065877,0.29629633,0.18565582,0.16690949,0.58071905,0.70753413,0.29905593,0.017205939,0.616488,0.09090909,0.70361865,0.53717655,0.83830094,Beginner
0.34395674,0.21952131,0.13951074,0.123890564,0.5016149,0.5388906,0.38588437,0.016569506,0.5668554,0.10676502,1.0,0.55041546,0.94005233,Beginner
0.20782202,0.47664574,0.2584545,0.2799865,0.74803686,0.8022107,0.6258735,0.08888586,0.5382013,0.102959454,0.75204235,0.67427593,0.996126,Beginner
0.798915,0.64002967,0.39485264,0.6060827,0.22322792,0.53934455,0.18551047,0.055952765,0.37327114,0.3790049,0.20420869,0.43196884,0.72044486,Intermediate
0.4925084,0.20019701,0.15892549,0.3547503,0.69718087,0.6967613,0.74014723,0.0086707575,0.7266723,0.09090909,0.7301225,0.6618344,0.80277663,Beginner
0.938332,0.82537746,0.68144923,0.82848376,0.2903167,0.18739305,0.08716333,0.12474778,0.06519509,0.8924411,0.0776068,0.18527552,0.24082269,Placement-Ready
0.9452984,0.88622737,0.8205392,0.8487493,0.18944141,0.13065854,0.08830121,0.2167369,0.05700689,0.9227905,0.07262069,0.17589681,0.2575804,Placement-Ready
0.5731781,0.061307013,0.18032974,0.38167602,0.55681944,0.26885515,0.7142359,0.012961566,0.3819583,0.092223674,0.60453844,0.6665803,0.7248422,Beginner
0.9022942,0.586598,0.42685893,0.4752474,0.35484093,0.46854898,0.3204868,0.11345002,0.11901277,0.46630475,0.21788621,0.502575,0.8074736,Intermediate
0.56777287,0.6281983,0.42469063,0.5706022,0.29613456,0.554733,0.38890347,0.05739353,0.15273115,0.33485538,0.015787868,0.36118087,0.7598369,Intermediate
0.48026994,0.2219934,0.13081808,0.3919256,0.61800426,0.74239576,0.80379915,0.009916696,0.8340154,0.15713106,0.5583873,0.70612586,0.8237955,Beginner
0.8678425,0.8219071,0.881285,0.84597313,0.20781638,0.10507209,0.052985314,0.1191437,0.049360067,0.89796245,0.0,0.1024331,0.22115096,Placement-Ready
0.47406137,0.65441334,0.59483194,0.7700461,0.43287668,0.36160174,0.16814752,0.09363753,0.37898216,0.32587248,0.15945987,0.63795954,0.44438374,Intermediate
0.9331426,0.83005214,0.81535554,0.8143336,0.13508947,0.08023773,0.087975815,0.14675754,0.07545813,0.79449284,0.17491287,0.12260953,0.20810844,Placement-Ready
1.0,0.94259727,0.75971055,0.80464095,0.0744823,0.14795735,0.07451848,0.09553931,0.06419286,0.87754595,0.09009555,0.13263215,0.38223583,Placement-Ready
0.8311649,0.8999031,0.69479305,0.81939626,0.12861723,0.106563285,0.070471145,0.03974426,0.01647867,0.769127,0.09780438,0.135903,0.27025115,Placement-Ready
0.36809596,0.337651,0.15116127,0.15268293,1.0,0.6813673,0.73245,0.10150918,0.5886119,0.15124197,0.64869404,0.82329506,0.63333476,Beginner
0.834172,0.4942296,0.6623612,0.67825675,0.37442088,0.38446087,0.2565581,0.039718963,0.03779482,0.30228963,0.19121912,0.15482548,0.43301007,Intermediate
0.41480455,0.33939907,0.26768652,0.13598745,0.60894024,0.779448,0.47395357,0.0,0.79426885,0.30864564,0.98357415,0.6780512,0.8751119,Beginner
0.41660008,0.31632861,0.22320953,0.0,0.73629755,0.6839549,0.4502054,0.006388244,0.6601498,0.2515991,0.79488546,0.76136667,0.89121294,Beginner
0.43537098,0.43009415,0.17379086,0.24899654,0.78738385,0.73780185,0.6881039,0.0034057333,0.72946656,0.09090909,0.5496365,0.9703439,0.7387855,Beginner
0.68354857,0.53428274,0.5790177,0.672808,0.29437295,0.2741294,0.32566425,0.030491084,0.13767628,0.29381484,0.34224463,0.49637365,0.4973931,Intermediate
0.54467255,0.31420445,0.16616757,0.32954094,0.92564493,0.8162841,0.39406076,0.0069806813,0.5991854,0.17806731,0.8624618,0.34776482,0.84011924,Beginner
0.45319417,0.27681315,0.1926386,0.11158209,0.7361612,0.22183281,0.48195562,0.010285966,0.71273476,0.15739292,0.802151,0.3230317,0.7931796,Beginner
0.72871006,0.5949592,0.46020123,0.57588917,0.39176694,0.09862863,0.4020278,0.027761606,0.15714024,0.40974274,0.28699982,0.66884696,0.6404135,Intermediate
0.6794708,0.6048701,0.55080223,0.46130145,0.35861897,0.3968955,0.25466818,0.07737758,0.5312186,0.3378066,0.31335223,0.55113727,0.8274521,Intermediate
0.837721,0.7678488,0.49840713,0.29223582,0.36334923,0.68176347,0.2798476,0.011181291,0.50011945,0.569754,0.3176414,0.5377698,0.44741178,Intermediate
0.60798585,0.31408283,0.3080478,0.2803524,0.78214973,0.69186985,0.41148692,0.107551254,0.6843369,0.14225252,0.86258805,0.6793963,0.83803755,Beginner
0.859422,0.6738103,0.8411743,0.8793349,0.16147803,0.14748839,0.09619994,0.140191,0.05175292,0.8682698,0.12079639,0.08140189,0.2625983,Placement-Ready
0.7962618,0.58793753,0.44709748,0.49408394,0.40850458,0.34408173,0.22268678,0.07888929,0.5307025,0.23499705,0.33931112,0.33347067,0.5627623,Intermediate
0.67169785,0.6190944,0.4155788,0.76638967,0.52981937,0.622716,0.31834173,0.048668973,0.5422094,0.36168635,0.19545493,0.35977328,0.6784307,Intermediate
0.23857127,0.3090584,0.2802111,0.17680553,0.95368826,0.6988214,1.0,0.0,1.0,0.17033036,0.7834203,0.5593566,0.6117343,Beginner
0.82604027,0.7980097,0.6759113,0.9264705,0.18921794,0.22896066,0.057277232,0.0593811,0.12668799,0.9598161,0.1030859,0.060904678,0.39449963,Placement-Ready
0.6608123,0.5911484,0.47174847,0.5563556,0.38913783,0.30162466,0.22875926,0.030607598,0.5285919,0.34548998,0.25548232,0.34143168,0.48891276,Intermediate
0.6316386,0.33614156,0.2686583,0.22348693,0.65244526,0.7309087,0.6374591,0.0,0.7586571,0.27241132,0.6405503,0.4966122,0.76364464,Beginner
0.35623282,0.42727575,0.09367679,0.20107275,0.74498355,0.74267364,0.20570374,0.022077315,0.6828435,0.28389376,0.99195534,0.53891546,0.5006775,Beginner
0.34876293,0.14899588,0.20235693,0.22675535,0.8727099,0.7534921,0.36032158,0.019870123,0.64206064,0.19985396,0.74862266,0.5723364,0.8261363,Beginner
0.36212632,0.35086578,0.22452642,0.115502544,0.7051764,0.6093062,0.25670338,0.0,0.5577863,0.31125036,0.6696664,0.53638536,0.65824556,Beginner
0.46670482,0.20556313,0.24585967,0.39990422,0.86537737,0.5653924,0.5900467,0.014040914,0.4485201,0.09090909,0.70258534,0.53887516,0.7982853,Beginner
0.71446514,0.48792067,0.75258285,0.6375025,0.472316,0.115171805,0.3279644,0.013386196,0.10158256,0.32448676,0.1482127,0.25773236,0.60908216,Intermediate
0.7131523,0.60246205,0.66523886,0.5351535,0.43699792,0.25939804,0.1840701,0.010356658,0.17940925,0.5633434,0.1382359,0.46488443,0.6198762,Intermediate
0.48984826,0.3328751,0.17761919,0.3115921,0.8062283,0.8652967,0.4595894,0.0082657905,0.5215784,0.09090909,0.79441804,0.6891583,0.80061364,Beginner
0.7962615,0.759083,0.6855307,0.960819,0.18063955,0.05820419,0.05,0.12444856,0.0,0.830053,0.20386967,0.20310429,0.19902018,Placement-Ready
0.6944915,0.55927896,0.2616306,0.44455644,0.45643014,0.64276946,0.33226153,0.07554231,0.24327095,0.5201204,0.38377973,0.40422565,0.7025564,Intermediate
0.953276,0.9423691,0.8872351,0.94585335,0.2509867,0.07494948,0.07233294,0.07086706,0.13740206,0.8195438,0.10039312,0.17032363,0.08595808,Placement-Ready
0.33492395,0.1695183,0.255333,0.0779524,0.6660558,0.40396664,0.31520838,0.012426267,0.20709279,0.09090909,0.74964464,0.568459,1.0,Beginner
0.8819985,0.5345903,0.60227907,0.62656313,0.39731973,0.48489022,0.25870577,0.06134319,0.45537433,0.27303258,0.17703895,0.31316674,0.8910014,Intermediate
0.51235133,0.49353203,0.332032,0.31650695,0.5600101,0.7398409,0.4814981,0.012890229,0.35673484,0.1627121,0.6724225,0.5677751,0.73541164,Beginner
0.2968958,0.18079585,0.30051866,0.2881662,0.841906,0.9582261,0.32670274,0.0,0.5676571,0.18758214,0.69675773,1.0,0.76277095,Beginner
0.4922814,0.4271555,0.27773377,0.114513785,0.7129886,0.7934062,0.35557443,0.016819166,0.5519349,0.14774357,0.856644,0.7166395,0.75668406,Beginner
0.1964271,0.25084555,0.1698361,0.037833195,0.7945985,0.71208674,0.7306958,0.011525256,0.5734792,0.28881824,0.5531299,0.7304584,0.59946233,Beginner
0.74091804,0.5633085,0.38428074,0.4859287,0.48910934,0.5146886,0.31425092,0.04086347,0.13866575,0.6335583,0.49694014,0.37126383,0.5761649,Intermediate
0.6174706,0.3600213,0.29663455,0.466913,0.8675903,0.5615954,0.548611,0.013489033,1.0,0.09090909,0.9303865,0.6769872,0.90053964,Beginner
0.747149,0.5895995,0.28996944,0.7383461,0.42343727,0.3474731,0.23480421,0.05674027,0.29474285,0.6099331,0.35748324,0.3069383,0.42800775,Intermediate
0.86929417,0.8903842,0.9154171,0.8384138,0.1635352,0.06519425,0.11550279,0.17368855,0.122384,0.89214754,0.082359165,0.18391553,0.32701585,Placement-Ready
0.73324734,0.8099384,0.5259993,0.47771448,0.4849684,0.3631159,0.35525504,0.058374714,0.25082564,0.6619566,0.24007545,0.12515715,0.73208696,Intermediate
0.95852995,0.86419475,0.7350482,0.8421245,0.30197167,0.110561356,0.0806297,0.20113786,0.0,0.8491992,0.050017588,0.081396416,0.0671351,Placement-Ready
0.33158746,0.4528929,0.24922967,0.13994133,0.8921379,0.8788171,0.6396263,0.014899521,0.5860493,0.09090909,0.7272399,0.72845596,0.7846368,Beginner
0.6383404,0.3438579,0.11039787,0.37784514,0.75295985,0.9102875,0.69828254,0.0009050392,0.88492554,0.32284048,0.882343,0.53576183,0.7632783,Beginner
0.3422478,0.45301858,0.16862983,0.006810667,0.85199636,0.7572818,0.60687876,0.005680281,0.5930855,0.13534005,0.70464754,0.7762448,0.82210606,Beginner
0.9102302,0.937951,0.86599606,0.75545114,0.2408151,0.1514686,0.07122056,0.15658095,0.07470008,0.78636664,0.057082623,0.21006481,0.17041777,Placement-Ready
0.6960179,0.763369,0.5056193,0.66243804,0.3730539,0.10958966,0.4837412,0.044563875,0.32341763,0.35465533,0.39361578,0.55598795,0.3664118,Intermediate
0.82918173,0.951124,0.7670669,0.8867012,0.26787928,0.11581362,0.07166026,0.17464113,0.0016269439,0.68827325,0.14876166,0.04498806,0.31218505,Placement-Ready
0.7208032,0.37410444,0.5312391,0.4631339,0.35593307,0.5525936,0.115654156,0.021161245,0.0509293,0.4017151,0.09724718,0.20914242,0.5655301,Intermediate
0.6260489,0.61032504,0.4685894,0.61136854,0.35854837,0.5489777,0.15261339,0.045217063,0.08928522,0.4072444,0.09844374,0.56194746,0.71497554,Intermediate
0.9221058,0.9673604,1.0,0.90888804,0.12450919,0.19393793,0.064244114,0.1524612,0.048979893,0.8805437,0.053583056,0.25383076,0.20155503,Placement-Ready
0.75304234,0.58016616,0.4303327,0.30529273,0.4784367,0.4869207,0.3041583,0.053177264,0.3826019,0.572933,0.21289349,0.49487934,0.5725025,Intermediate
0.6777285,0.8054431,0.31766525,0.46525982,0.3117321,0.5202202,0.41391322,0.0256383,0.5122118,0.357859,0.34033474,0.25928193,0.58171046,Intermediate
0.3001945,0.31829146,0.07170142,0.3054585,0.7752877,0.89019597,0.46561652,0.009287795,0.82444066,0.3075578,0.6479772,0.6772672,0.83533025,Beginner
0.79979444,0.63827133,0.46649447,0.5358474,0.42024627,0.40771604,0.15408246,0.0508007,0.3388065,0.4135472,0.5687023,0.42990392,0.33549726,Intermediate
0.9582931,0.8622777,0.6762995,0.8596893,0.20855826,0.109274484,0.05580681,0.040321305,0.064624965,0.8246748,0.054254077,0.0738301,0.21162775,Placement-Ready
0.72314614,0.65097296,0.2880719,0.5500098,0.5162261,0.97134966,0.12956911,0.058588054,0.21434301,0.7337707,0.13754606,0.5437409,0.38891834,Intermediate
0.43470654,0.51650023,0.16851854,0.36134082,0.80021864,0.76028883,0.9056937,0.015132897,0.70765924,0.27931884,0.69525707,0.52411854,0.6746229,Beginner
0.34162012,0.4600908,0.3445133,0.36194745,0.33888316,0.95684177,0.7589517,0.027449934,0.84749293,0.32530388,0.8817982,0.852304,1.0,Beginner
0.38002688,0.31654915,0.29729116,0.11459901,0.9825392,0.48597437,1.0,0.007578681,0.6291234,0.09090909,0.74067956,0.68427235,0.7896606,Beginner
0.87362283,0.90335274,0.6719115,0.75215536,0.08426584,0.08381852,0.066480294,0.11776497,0.031601418,0.77512735,0.14791244,0.17178725,0.101533644,Placement-Ready
0.42602628,0.17674394,0.36835468,0.41505516,0.8809855,1.0,0.7540572,0.009545404,0.6745039,0.30552602,0.6179526,0.47407734,0.8487295,Beginner
0.73220205,0.5026182,0.31889918,0.5093569,0.43957114,0.27080753,0.21450786,0.09594077,0.023186417,0.35158628,0.5275925,0.4433102,0.49410224,Intermediate
0.88047224,0.93726176,0.8157488,0.8686128,0.19649112,0.10791429,0.08764231,0.2398014,0.04025536,0.848723,0.0057864087,0.14584821,0.40628868,Placement-Ready
1.0,0.82050884,0.8258327,0.9503571,0.19568829,0.056763142,0.091978185,0.054877914,0.03224452,0.85853255,0.11999618,0.13219737,0.21627861,Placement-Ready
0.5629158,0.779492,0.5185268,0.61407137,0.34229955,0.18096836,0.18959701,0.054119542,0.40101433,0.47660795,0.3416069,0.39944604,0.6744373,Intermediate
0.45326132,0.16815819,0.1753388,0.2442283,0.9219333,1.0,0.50317055,0.011413064,0.7599822,0.17656113,0.9966145,0.44783196,0.8813624,Beginner
0.87831587,0.77744913,0.69536465,0.72144353,0.211567,0.3444884,0.18063033,0.07498368,0.25391242,0.6934968,0.3121875,0.4458072,0.5432029,Intermediate
0.5664561,0.100491956,0.25680435,0.27718064,0.67354536,0.5108467,0.7983501,0.012430716,0.6508853,0.1252937,0.6297136,0.28175396,0.77263665,Beginner
0.46421877,0.3636908,0.18198998,0.18604076,0.8876521,0.82728547,0.52132976,0.0,0.55853677,0.23850234,1.0,0.4703063,0.7488114,Beginner
0.801105,0.8601286,0.8569189,0.8516295,0.23089069,0.023338424,0.05,0.25938678,0.14567357,0.76783836,0.12299283,0.24263015,0.28601882,Placement-Ready
0.6193214,0.37020105,0.18901508,0.25871527,1.0,0.67167264,0.51649076,0.07592969,0.91351044,0.13811122,0.929997,0.55979675,0.94023013,Beginner
0.71839464,0.7520243,0.25072935,0.5363301,0.41470087,0.2957398,0.14991908,0.062744245,0.21253328,0.5822845,0.39555153,0.47494748,0.7456329,Intermediate
0.9515679,0.89347416,0.6236694,0.8669054,0.2961008,0.1383155,0.103836365,0.09693096,0.056282062,0.8469876,0.07986589,0.10885605,0.096471034,Placement-Ready
0.8259259,0.7470398,0.43570498,0.30463746,0.43392748,0.57780594,0.08958611,0.041126475,0.35361218,0.3398552,0.092621125,0.33844304,0.5146372,Intermediate
0.9779239,0.8334391,0.8854449,0.8774396,0.22130434,0.16291696,0.09367656,0.17667924,0.030529073,0.9998465,0.121741205,0.16008526,0.33010745,Placement-Ready
0.7769681,0.7854604,0.7910542,0.91105086,0.1750888,0.09465546,0.10004691,0.08443087,0.058889564,0.8055436,0.03353976,0.29015788,0.21106106,Placement-Ready
0.74342674,0.6456163,0.44172406,0.51617265,0.3158278,0.5265,0.064789675,0.021226665,0.36279634,0.5286148,0.109869465,0.54396594,0.6270757,Intermediate
0.85137004,0.87965316,0.84467936,0.72767955,0.16871205,0.02300452,0.05,0.05414129,0.0,0.8164431,0.10357447,0.18114777,0.11473207,Placement-Ready
0.34609,0.2577342,0.16076592,0.20373715,0.9616262,0.74163324,0.363997,0.01942782,0.94500774,0.22679134,0.8836935,0.8331174,0.60120744,Beginner
0.5387511,0.24483249,0.070700325,0.15876587,1.0,0.496338,0.59990424,0.011239539,0.49740514,0.14149803,0.7608374,0.5656757,0.629353,Beginner
0.44198206,0.39729965,0.1899605,0.39188233,0.8639342,0.6156208,0.8802858,0.0015753001,0.52465993,0.16306229,0.84078354,0.817315,0.926335,Beginner
0.7759146,0.77687573,0.34346586,0.6299487,0.6329248,0.102348424,0.2944704,0.07600525,0.33188725,0.46358734,0.12197133,0.67008346,0.76034105,Intermediate
0.49548143,0.23691544,0.19617066,0.3422838,0.7125583,0.719234,0.67975277,0.01741248,0.2444638,0.24679506,0.7149414,0.75611866,0.8932318,Beginner
0.326131,0.25938895,0.22774039,0.056230016,0.57483894,0.77428716,0.4405124,0.019790655,0.6450539,0.23697838,0.9616038,0.6035434,0.7310616,Beginner
0.9472297,0.81801593,0.6692747,0.9808469,0.15635237,0.035444804,0.08030728,0.11819301,0.0,0.94471073,0.13200727,0.06749058,0.21745388,Placement-Ready
0.8901585,0.8843462,0.6332249,0.7608285,0.13679646,0.052726015,0.053007606,0.14791925,0.05407236,0.9902604,0.22842555,0.04897198,0.23473053,Placement-Ready
0.6711936,0.7373946,0.538026,0.7513803,0.5391544,0.36677825,0.3833344,0.04191191,0.33992204,0.34822172,0.3712266,0.49519446,0.6771298,Intermediate
0.19426382,0.28644738,0.28178516,0.25404677,0.83709913,0.7797672,0.6490808,0.01673956,0.5755353,0.33148804,1.0,0.75593466,0.82735896,Beginner
0.35363647,0.26800236,0.21453638,0.13210143,0.90927505,0.7756245,0.34722385,0.018915275,0.4377037,0.09090909,0.7630993,0.38632348,0.87074035,Beginner
0.5653498,0.19493766,0.2895018,0.107639626,0.879845,0.8129608,0.21773662,0.011723117,0.5063008,0.11283952,0.95262784,0.55194813,0.7032348,Beginner
0.5786288,0.7063606,0.5829838,0.5594908,0.36688358,0.34816486,0.25082746,0.03238937,0.09183704,0.6098226,0.25375187,0.47505647,0.6427923,Intermediate
0.6141414,0.78955156,0.2818485,0.75464916,0.39548144,0.530387,0.28638405,0.056899384,0.38313818,0.564871,0.2605403,0.60521984,0.4373294,Intermediate
0.77189493,0.81118137,0.63967794,0.6802925,0.3803127,0.28031403,0.49194658,0.013818298,0.28399664,0.4939263,0.32297462,0.68891644,0.68094105,Intermediate
0.31958452,0.36119926,0.08194606,0.013039493,0.6793048,0.7891846,0.657773,0.0046707205,0.8338817,0.12196273,0.8193681,0.59558207,0.69574684,Beginner
0.8831022,0.8512452,0.79178995,0.80517733,0.18655126,0.08250748,0.05,0.066178635,0.0,1.0,0.112044826,0.23169285,0.28616998,Placement-Ready
0.7433046,0.6513238,0.5279117,0.26139015,0.26054406,0.39510134,0.31160256,0.055663995,0.16613026,0.58237356,0.4778933,0.5906984,0.7484399,Intermediate
0.41600683,0.33073455,0.2001798,0.40844968,0.6605013,0.8141409,0.5440985,0.009657763,0.5632292,0.104938805,0.74788517,0.64060277,0.82894886,Beginner
0.77950215,0.5565479,0.28860724,0.68125945,0.3648665,0.3826629,0.18514784,0.08551537,0.2819592,0.32881486,0.2141009,0.4690156,0.7129997,Intermediate
0.35364774,0.19918701,0.21794264,0.0,0.9800316,0.2975084,0.6083502,0.0015562548,0.45976427,0.12980437,1.0,0.4845124,0.9097111,Beginner
0.90386003,0.8758996,0.826921,0.80376947,0.12954876,0.23757735,0.07267729,0.09779052,0.085329324,0.85901874,0.01485402,0.18864429,0.1346879,Placement-Ready
0.6498941,0.6908447,0.6347212,0.61273265,0.26649022,0.49076468,0.38482225,0.08206157,0.39354578,0.45468014,0.299773,0.5278177,0.3538488,Intermediate
0.81152505,0.5906005,0.42216194,0.6775508,0.37180355,0.39609873,0.21675268,0.056766473,0.14791438,0.55358255,0.2960668,0.33535257,0.67963994,Intermediate
0.99297327,0.9790038,0.7557754,0.78619146,0.15626715,0.106749296,0.072849974,0.068442486,0.042209268,0.9006418,0.1390783,0.29055288,0.17519109,Placement-Ready
0.21047291,0.4392039,0.22889034,0.40818363,0.58794045,0.65351045,0.54228497,0.01001732,0.6168189,0.24462827,0.683279,0.67085433,0.7945852,Beginner
0.7328535,0.61019146,0.44525397,0.42805648,0.37663013,0.4632085,0.14333312,0.0,0.5169865,0.45175365,0.14909197,0.5880629,0.5687538,Intermediate
0.75973606,0.7165134,0.6480856,0.5925838,0.44985303,0.5299516,0.28901255,0.07559446,0.43117446,0.36830208,0.14328001,0.45289612,0.42283043,Intermediate
0.7268167,0.73105127,0.59244704,0.42360285,0.3548374,0.23369995,0.26275682,0.028990526,0.19945641,0.3316607,0.2712296,0.46071374,0.5680107,Intermediate
0.44953027,0.0489165,0.21694879,0.25597635,0.93209803,0.74772155,0.85061777,0.014178115,0.9117596,0.14193219,0.7716515,0.77399623,0.7313367,Beginner
0.7822334,0.36719954,0.41989672,0.54362965,0.4460328,0.13244683,0.15179075,0.052172214,0.31273323,0.50603884,0.3532411,0.50078917,0.6290483,Intermediate
0.5551644,0.59076244,0.4074656,0.4970046,0.6006105,0.4437344,0.34314695,0.017784184,0.28487086,0.39458385,0.32987216,0.47526762,0.5146792,Intermediate
0.58699995,0.49467918,0.73272675,0.59020853,0.24136649,0.4554856,0.29502216,0.03972344,0.4408955,0.3700201,0.37583846,0.444783,0.5574619,Intermediate
0.50363404,0.3238789,0.19927663,0.22643802,0.78092647,0.7144167,0.7455259,0.011385856,0.746528,0.1744803,0.7617953,0.35026988,0.9099593,Beginner
0.6737836,0.6396469,0.41106918,0.50132734,0.34948793,0.5970719,0.30137682,0.06776677,0.02897658,0.45927024,0.25410065,0.5238485,0.96097887,Intermediate
0.46696687,0.30437797,0.1995327,0.21074581,0.5481334,0.7035346,0.69949704,0.0077913697,0.6840905,0.103237174,0.7288608,0.69748104,0.82275933,Beginner
0.45983258,0.1978937,0.1945107,0.07526655,0.89211005,0.81975335,0.8860726,0.009078369,0.6902939,0.2716123,0.6369163,0.5141052,0.7132538,Beginner
0.9537559,0.67990315,0.4092866,0.6857224,0.5614768,0.37910685,0.17320669,0.020194253,0.20808044,0.4193207,0.1333388,0.58128226,0.42760813,Intermediate
0.7868729,0.58644956,0.27619126,0.66324306,0.30140534,0.2666336,0.3431711,0.038934145,0.28587863,0.55678904,0.21527234,0.25665638,0.66964555,Intermediate
0.8974318,0.79596394,0.77803415,0.91688937,0.13534486,0.08942149,0.05,0.06127442,0.0070666354,1.0,0.0,0.18188427,0.37944725,Placement-Ready
0.7327819,0.5483775,0.63100207,0.33815184,0.53469545,0.047186714,0.23462734,0.06994327,0.12174272,0.51232815,0.33787468,0.4989948,0.54769474,Intermediate
0.9027042,0.70699906,0.77851814,0.8613225,0.29512936,0.094521925,0.05,0.14282927,0.058720436,0.9186285,0.23821682,0.10707434,0.15473762,Placement-Ready
0.33667755,0.04725506,0.21587877,0.22893146,0.80711603,0.75797784,0.4632157,0.023051905,0.5867677,0.16366693,0.86167943,0.652781,1.0,Beginner
0.7392118,0.70810795,0.43068704,0.75081253,0.3758747,0.072686896,0.21105099,0.061954636,0.31233066,0.18972561,0.32581878,0.46900973,0.4542849,Intermediate
1.0,0.8468655,0.79503137,0.7775535,0.2632558,0.0355277,0.064784795,0.11653018,0.0,0.94250566,0.023135806,0.20515922,0.175144,Placement-Ready
0.9363484,0.8018515,0.6920575,0.7463982,0.15893754,0.0,0.12355949,0.013903005,0.027469043,0.87335515,0.033477258,0.16697054,0.14003985,Placement-Ready
0.7487057,0.965415,0.7689154,0.82109314,0.18191187,0.21075231,0.09379761,0.085467525,0.051405195,0.8938579,0.016619667,0.21073093,0.13821912,Placement-Ready
0.83449596,0.5586624,0.63456,0.7306388,0.32665378,0.24650562,0.22238679,0.025454735,0.31815508,0.42650202,0.34326962,0.65954155,0.72262275,Intermediate
0.8236849,0.7750079,0.41043285,0.47036803,0.44106954,0.20191693,0.20073971,0.015578536,0.410641,0.72457224,0.3204941,0.3583743,0.6076865,Intermediate
0.61081344,0.22436766,0.23380402,0.39429733,0.8392387,0.7131208,0.43374583,0.019960223,0.6867011,0.11757002,0.8847973,0.73393655,0.70237637,Beginner
0.6521853,0.5895321,0.54091734,0.5526018,0.20859942,0.29298085,0.31873733,0.080822945,0.12680721,0.2964615,0.30362806,0.13866074,0.53325444,Intermediate
0.94659275,0.64532423,0.45581704,0.38181522,0.59737337,0.35550824,0.32442293,0.068076655,0.23057543,0.54624355,0.2275034,0.30143604,0.7746697,Intermediate
0.63375765,0.31514075,0.17368387,0.1424359,0.7243623,0.7551389,0.7197993,0.017972732,0.501162,0.20762223,0.8943754,0.82483923,0.7929401,Beginner
0.94358015,0.7849618,0.89788824,0.9050667,0.23520906,0.015189993,0.10428503,0.11591532,0.019438686,0.9204967,0.11499271,0.08225449,0.4256301,Placement-Ready
0.79907995,0.576882,0.46378267,0.6335736,0.38949984,0.26701036,0.3604263,0.052392896,0.36531234,0.21932016,0.009088215,0.23436813,0.52791846,Intermediate
0.3110349,0.25785017,0.24718568,0.24911438,0.90676117,0.5475311,0.4449328,0.017313486,0.43963444,0.30763778,0.9607808,0.85884887,0.6943231,Beginner
0.5712471,0.4410728,0.2700594,0.5710197,0.3085538,0.2972386,0.26097274,0.0165803,0.20949,0.4186287,0.26402387,0.40934086,0.8038581,Intermediate
0.29312116,0.28046095,0.18384404,0.15527938,0.7906099,0.68765855,0.52562845,0.0049715484,0.6639049,0.33214703,0.7709831,0.79941773,0.63317335,Beginner
0.40749136,0.23260523,0.2916078,0.24261014,0.5833901,0.5861274,0.05,0.011386236,0.8608133,0.09090909,0.8378307,0.7145851,0.7097747,Beginner
0.7730304,0.65451396,0.55432194,0.3615821,0.5137753,0.18193133,0.35370752,0.047719304,0.058992248,0.4428001,0.119971916,0.61619735,0.5226394,Intermediate
0.3668163,0.28159133,0.15822461,0.44987237,0.73534167,0.82491964,0.22499852,0.02065744,0.8104422,0.19067582,0.71595865,0.71,1.0,Beginner
0.71601313,0.54414713,0.51924497,0.41595936,0.5183261,0.3041054,0.20475382,0.006659751,0.22399543,0.68395305,0.37338254,0.6163496,0.6174916,Intermediate
0.70871466,0.8393811,0.4067784,0.5273937,0.44421437,0.5296308,0.317808,0.00738387,0.21413945,0.29833776,0.13424246,0.44756517,0.28326425,Intermediate
0.90971273,0.65026134,0.42002404,0.6779924,0.28216538,0.2155982,0.16969576,0.085578375,0.262068,0.121585414,0.44520792,0.4040428,0.3225888,Intermediate
0.7474383,0.4229089,0.29123297,0.5338293,0.39135426,0.29669476,0.24589522,0.05491251,0.4131471,0.6317501,0.30582583,0.20076147,0.79584694,Intermediate
0.51698935,0.61894435,0.38242546,0.66407144,0.41234577,0.21657299,0.10654192,0.051649433,0.21859547,0.57989925,0.3895028,0.42230836,0.42634305,Intermediate
0.4796403,0.21439162,0.2257253,0.1926811,0.86351365,0.77004933,0.807508,0.0067669884,0.54602504,0.092839666,0.683356,0.70659506,0.8908386,Beginner
0.91168654,0.7339321,0.7388357,0.7611617,0.21551278,0.13946427,0.0935171,0.1483911,0.0073546465,0.88230914,0.1275659,0.10310116,0.23189864,Placement-Ready
0.4449975,0.25122947,0.30594665,0.30956802,1.0,0.8970192,0.8288586,0.0,0.7527721,0.17699029,0.66735274,0.6752023,0.9134254,Beginner
0.6579255,0.5023771,0.4461117,0.8253189,0.30254674,0.5425731,0.24721031,0.02418731,0.7199736,0.48108837,0.34514427,0.5301761,0.6685434,Intermediate
0.6691316,0.49583474,0.12163603,0.3096039,0.7218701,0.70410776,1.0,0.0,0.65074795,0.22433574,0.91286796,0.66469747,0.83696604,Beginner
0.5528021,0.5360203,0.45866737,0.14377597,0.60920984,0.46258354,0.17326525,0.020515468,0.22565268,0.55230176,0.07294981,0.42876235,0.8655963,Intermediate
0.54423577,0.40584245,0.07930084,0.10800898,0.48578185,0.679589,0.74350846,0.023307044,0.61481893,0.32987413,0.5429848,0.39449263,0.7933343,Beginner
0.54358983,0.6424817,0.26015672,0.48250362,0.47179314,0.68211704,0.25513586,0.031406127,0.32830057,0.5825949,0.3745197,0.86146694,0.49269935,Intermediate
0.6237895,0.6681098,0.3379476,0.46814066,0.5217167,0.5570477,0.2874313,0.0071011437,0.22035605,0.3491495,0.256531,0.22295187,0.6378673,Intermediate
0.26339394,0.21047829,0.27809918,0.13436903,0.8218249,0.6681686,0.38555282,0.017799476,0.74135405,0.09090909,0.8222165,0.700289,0.9004949,Beginner
0.6595283,0.5207815,0.45823777,0.5174765,0.5398532,0.71368015,0.25897962,0.055094123,0.37805888,0.4523834,0.3338381,0.457226,0.6716955,Intermediate
0.83982545,0.87935674,0.7645384,0.8850786,0.069465086,0.16881382,0.069770336,0.13974047,0.02117746,0.8481124,0.17587972,0.12839825,0.17823601,Placement-Ready
0.73450863,0.5268009,0.26319617,0.6758206,0.49155298,0.5696075,0.2917675,0.08177517,0.35664594,0.42467383,0.29920754,0.44642344,0.5220913,Intermediate
0.5844504,0.36298525,0.6432405,0.57955015,0.5597675,0.5085983,0.21457903,0.04749193,0.38492662,0.5863932,0.33872047,0.61583894,0.5554997,Intermediate
0.26228154,0.38760468,0.33781365,0.17752233,0.7572344,0.47407737,0.5215058,0.019149894,0.50670093,0.24004361,0.7214245,0.6986086,0.66227704,Beginner
0.5695451,0.62220675,0.27468035,0.42182896,0.46098125,0.43665677,0.42533752,0.07874973,0.26539335,0.5190391,0.2620076,0.75822145,0.7723522,Intermediate
0.45456684,0.27953178,0.13545714,0.35374865,0.9829353,1.0,0.6528058,0.0023467685,0.53431183,0.16946442,0.7722747,0.7206314,0.84355634,Beginner
0.79027134,0.32347894,0.67930657,0.56116664,0.41417766,0.33192235,0.38957074,0.026066156,0.52116907,0.5085824,0.3747197,0.40061933,0.4037671,Intermediate
0.8361244,0.9372838,0.865878,0.8951499,0.2950782,0.080600716,0.09078145,0.05272169,0.0339934,0.87364036,0.024997251,0.17044179,0.023126094,Placement-Ready
0.591797,0.26572856,0.15581782,0.23064572,0.8522743,1.0,0.6349156,0.013075757,0.58511084,0.09090909,0.74602294,0.65903455,1.0,Beginner
0.9473338,0.7813805,0.77917105,0.8584778,0.17854825,0.15683934,0.09513255,0.060939897,0.12671836,0.61441666,0.20906146,0.12701556,0.20104323,Placement-Ready
0.78882575,0.8311613,0.582732,0.69103485,0.5354893,0.2824289,0.37498212,0.038314648,0.2183065,0.41745454,0.22535221,0.5733235,0.6400816,Intermediate
0.9322624,0.6912709,0.80646825,0.91737264,0.28251684,0.0,0.10515287,0.027724408,0.0,0.90714467,0.11705725,0.123839386,0.17099056,Placement-Ready
0.5881768,0.7021921,0.7216919,0.57973045,0.31819978,0.3984528,0.1949466,0.035797697,0.3649776,0.23585507,0.12672853,0.45289364,0.5966537,Intermediate
0.382354,0.27623048,0.23537879,0.36770242,0.68033224,0.39576596,0.6511147,0.067300566,0.32971084,0.24274726,0.851545,0.30897555,0.6876454,Beginner
0.80959463,0.8435658,0.7449723,0.76985484,0.13080236,0.117102616,0.09704159,0.115375094,0.02837602,0.786032,0.1362092,0.15247966,0.2567901,Placement-Ready
0.24731544,0.2785079,0.19535726,0.34355927,0.988213,0.9293526,0.48756638,0.009239272,0.26331237,0.10855727,0.89472777,0.89233744,0.6518781,Beginner
0.6382716,0.55810165,0.63478595,0.45867553,0.5087727,0.430145,0.3017721,0.043688025,0.20552628,0.65390813,0.27039152,0.38835973,0.58797944,Intermediate
0.8794726,0.82029164,0.8451539,0.8583415,0.11366077,0.009469502,0.05,0.17488997,0.038769256,0.9322436,0.26840428,0.07809188,0.2526974,Placement-Ready
0.75926983,0.72596985,0.342178,0.5225691,0.5203155,0.45632523,0.28273198,0.0103164455,0.39118373,0.6124223,0.39045283,0.442391,0.6529555,Intermediate
0.6923328,0.1987169,0.2451398,0.1410371,0.5798211,0.9398473,0.55484474,0.011513931,0.31505036,0.13232884,0.7666384,0.47735095,0.8450838,Beginner
0.45912093,0.38521743,0.22039284,0.37412322,0.9358917,0.8923542,0.47528818,0.019454487,0.49573278,0.16753626,0.72335595,0.50028443,0.59173787,Beginner
0.16934745,0.23048507,0.25785163,0.16565062,0.75599563,0.7899647,0.7041379,0.0020860313,0.7994119,0.28430456,0.58052254,0.52642447,0.9429309,Beginner
0.40371194,0.4735964,0.23583287,0.17182983,0.7190838,0.6719479,0.68483317,0.015256182,0.48526,0.17960413,1.0,0.90913147,0.8523588,Beginner
0.7568475,0.4915585,0.39921626,0.53509915,0.3419023,0.38487232,0.15384772,0.02442978,0.0,0.6928051,0.36668774,0.43248537,0.49991652,Intermediate
0.5216589,0.5278402,0.2725892,0.09755095,1.0,0.7170797,0.4324581,0.0020871854,0.76726574,0.20352994,0.8017613,0.8429755,0.70374143,Beginner
0.7970068,0.69173235,0.30137718,0.5130309,0.3587896,0.5880786,0.17693904,0.047443844,0.4260413,0.34876826,0.33349076,0.472316,0.73156655,Intermediate
0.8493,0.988515,0.8724129,0.8800984,0.17951521,0.0625439,0.0503426,0.22751287,0.0,0.7864118,0.06826991,0.14096642,0.28020394,Placement-Ready
0.88917154,0.91372687,0.6604324,0.87659395,0.08097177,0.023369195,0.062385187,0.15683287,0.014960545,0.8750498,0.038766313,0.10755066,0.34506616,Placement-Ready
0.36711743,0.3999419,0.3722634,0.34048912,0.8636186,0.74984246,0.72989947,0.007967786,0.54467285,0.2228083,0.67892027,0.59513,0.8000224,Beginner
0.9112102,0.8538663,0.7237903,0.57764107,0.28272533,0.0,0.05,0.11683802,0.047883704,0.8645785,0.028703507,0.18325707,0.1678234,Placement-Ready
0.9094156,0.7856891,0.8957528,0.9411703,0.11257326,0.12823689,0.05,0.18009646,0.015182477,0.8963546,0.0,0.05410366,0.2668703,Placement-Ready
0.98584235,0.88810104,0.8772394,0.7034741,0.10444467,0.0970468,0.06533062,0.09279202,0.09039851,0.8870459,0.14295886,0.120248,0.21835725,Placement-Ready
0.5415886,0.44436702,0.24331032,0.2538622,0.92258924,0.82981217,0.5381867,0.088504925,0.5929807,0.10418792,0.9435691,0.6582799,1.0,Beginner
0.6474599,0.5854885,0.4249896,0.6207485,0.41948098,0.38614294,0.32852936,0.03902169,0.4643984,0.2903929,0.2635704,0.49778143,0.31219858,Intermediate
0.5596384,0.7149263,0.57175404,0.43910292,0.3875699,0.36818707,0.38055828,0.033680856,0.26070824,0.13599052,0.50817156,0.28942975,0.64903665,Intermediate
0.6507563,0.37917963,0.28286496,0.15319043,0.53776443,0.8039551,0.63750774,0.019214055,0.45989263,0.25091985,0.9081618,0.63570356,0.85003155,Beginner
0.51911956,0.35931012,0.19523628,0.28913596,0.6039996,0.8586041,0.5630196,0.0066625504,0.8098018,0.11778694,0.5387308,0.41650563,0.8727212,Beginner
1.0,0.86660224,0.82331085,0.9348567,0.21509154,0.106234595,0.061898265,0.048294764,0.0,1.0,0.09934754,0.13034531,0.34633273,Placement-Ready
0.24538986,0.2233136,0.22544578,0.37345228,0.8669194,0.75724876,0.61562353,0.014248514,0.64033055,0.09090909,0.7569119,0.4889467,0.80972993,Beginner
0.71017456,0.49916482,0.44028628,0.49572432,0.45262858,0.31674322,0.095215954,0.068856515,0.03600721,0.30847025,0.10527521,0.4810682,0.62790716,Intermediate
0.8772552,0.8570792,0.8615964,0.84602976,0.22327583,0.10376276,0.06773961,0.13697469,0.12994611,0.8857344,0.02083874,0.124439165,0.008575275,Placement-Ready
0.48991364,0.40988973,0.34224048,0.63423884,0.33246034,0.575223,0.22930573,0.036418688,0.47567427,0.5961673,0.2938085,0.5276297,0.69655704,Intermediate
0.27444276,0.21796715,0.20215794,0.28384435,0.7687384,0.78503436,0.95259595,0.0067858896,0.256964,0.25690216,1.0,0.70891523,0.66947013,Beginner
0.2688932,0.28863332,0.20850724,0.23019034,0.7964306,0.731351,0.513541,0.021419574,0.3661039,0.116275445,1.0,0.4943013,0.63754946,Beginner
0.46439046,0.12262249,0.0,0.28405458,0.5779518,0.6881322,0.5395806,0.024006031,0.6799993,0.19689627,0.87554866,0.70527464,0.74507874,Beginner
0.583646,0.5239463,0.3345607,0.660971,0.37393567,0.4028495,0.33317938,0.0665006,0.3672266,0.45277897,0.37048268,0.14676955,0.8213369,Intermediate
0.9596632,0.95570904,0.8092838,0.9741129,0.15549773,0.02602212,0.06642569,0.13354088,0.12776875,0.8290063,0.10305423,0.23807752,0.26674443,Placement-Ready
0.5747927,0.34176737,0.28775978,0.27097812,0.81636494,0.66158974,0.918181,0.094177514,0.671804,0.09201738,0.83021677,0.49444735,0.8892579,Beginner
0.4177966,0.32149827,0.30987418,0.33123928,0.8205959,0.9477633,0.6840537,0.097360626,0.7213885,0.09090909,0.9457252,0.67027646,0.7937654,Beginner
0.38366437,0.32853994,0.2311995,0.18478322,0.7351817,0.81437624,0.5370249,0.009625075,0.5949305,0.12810653,0.73875314,0.34708908,0.8658603,Beginner
0.55271524,0.3424898,0.29792988,0.19098166,0.8446176,0.4610648,0.5745926,0.0,0.37140456,0.10083598,0.84906316,0.62789595,0.80377126,Beginner
0.71563774,0.50435597,0.60769534,0.63137287,0.31647617,0.66844904,0.28371945,0.035646897,0.29957217,0.40428552,0.48526525,0.58997715,0.66810524,Intermediate
0.4283168,0.1867721,0.11229791,0.25718236,0.76578397,0.9385184,0.34303975,0.07752497,0.37247106,0.26540387,0.9159139,0.6982188,0.7050855,Beginner
0.8153769,0.62686515,0.63269067,0.5089463,0.31900832,0.5073311,0.28692657,0.023329403,0.17987387,0.66789746,0.18905337,0.5901493,0.528272,Intermediate
0.56754667,0.27260068,0.20052928,0.21401942,1.0,0.96389383,1.0,0.009651683,0.6591249,0.09090909,0.97154015,0.47483307,0.8260131,Beginner
0.4947554,0.5324673,0.21863951,0.31060252,0.8043444,0.6129623,0.23584795,0.0051580262,0.32160833,0.33673656,0.73273355,0.5981121,0.90669847,Beginner
0.57504296,0.38743892,0.2410049,0.2732308,0.9193014,0.6993942,0.67809296,0.010110506,0.6530725,0.12884012,0.38417742,0.62985814,0.97072977,Beginner
0.8389995,0.95325935,0.66031235,0.57039636,0.22821423,0.13464206,0.08535033,0.067276135,0.047056507,0.8383483,0.04776266,0.26296556,0.11533339,Placement-Ready
0.3534882,0.4085983,0.19266826,0.13001257,1.0,0.46786574,0.50003207,0.013258203,0.7972168,0.24058631,1.0,0.6323602,0.695242,Beginner
0.5951569,0.27303582,0.30855718,0.3269424,1.0,0.60740954,0.76614195,0.0025973378,0.2769267,0.09090909,0.8307486,0.67763716,0.7425139,Beginner
0.36391795,0.30146882,0.15720813,0.32779366,0.77352446,0.78292984,0.42250156,0.0073633566,0.74447626,0.14792426,1.0,0.5900546,0.8269622,Beginner
0.3366041,0.26362967,0.22397369,0.24294823,0.71591413,0.7319257,0.61307013,0.011614437,0.42815337,0.16307959,0.8640483,0.6230275,0.81941384,Beginner
0.76802874,0.50420666,0.5122723,0.18045954,0.42473334,0.33487788,0.15165502,0.056234945,0.47590464,0.38963395,0.18662226,0.4747538,0.399659,Intermediate
0.32591116,0.0998294,0.167897,0.13382457,0.884281,0.61898786,0.7775608,0.022453293,0.75623506,0.16223744,0.77116716,0.42125225,0.78394645,Beginner
0.71704847,0.64353174,0.5267809,0.767002,0.4662306,0.2764472,0.24141361,0.047651533,0.31204793,0.7987967,0.34450224,0.1446146,0.51858014,Intermediate
0.48936352,0.31057537,0.32109654,0.14844209,0.87318856,0.74997157,0.652804,0.021416605,0.7464984,0.2080658,0.50176686,0.50599307,0.7852749,Beginner
0.7515663,0.6660028,0.5766292,0.60928786,0.39144382,0.3680537,0.27301663,0.067406334,0.5947111,0.5266093,0.3452889,0.63231444,0.65946895,Intermediate
0.5892075,0.69540143,0.34037173,0.29636014,0.49956244,0.390811,0.3270374,0.044378687,0.5407036,0.40246972,0.0,0.31659445,0.67532086,Intermediate
0.7449728,0.4960872,0.27937144,0.5562115,0.45526448,0.59817773,0.3239623,0.04723667,0.5916073,0.44845665,0.31117594,0.4254562,0.41615957,Intermediate
0.50689083,0.30513608,0.2897958,0.3779438,0.64781547,0.9273007,0.7810244,0.0059953067,0.6608898,0.20520069,0.75358975,0.7807871,0.97248274,Beginner
0.8422595,0.6686895,0.5342313,0.558945,0.589073,0.48605883,0.15967964,0.01164033,0.3265946,0.45439938,0.117615834,0.44169098,0.5139098,Intermediate
0.612013,0.5399659,0.7036207,0.75228125,0.41225553,0.3026549,0.38686234,0.034093082,0.33432737,0.63890326,0.19963938,0.57438356,0.67808414,Intermediate
0.6317065,0.5838913,0.47259197,0.57085747,0.3671275,0.16897842,0.19534516,0.020637596,0.4842858,0.75485134,0.46025687,0.33369315,0.49562857,Intermediate
0.9171993,0.5846295,0.5310063,0.5574589,0.51074994,0.57584685,0.07227362,0.05974818,0.1039768,0.69430983,0.35282975,0.32649755,0.56380177,Intermediate
0.7898346,0.750494,0.55425835,0.45167172,0.37308893,0.22935224,0.4196854,0.0075711207,0.39754668,0.571608,0.33011317,0.5049084,0.36038187,Intermediate
0.6213919,0.49241468,0.6248912,0.56285024,0.34935975,0.3791883,0.36673906,0.049407355,0.38105613,0.33909935,0.22576441,0.5030965,0.8838981,Intermediate
0.27109236,0.24232286,0.2804313,0.31011006,0.64503336,0.7348998,0.7502774,0.0,0.70867205,0.12157966,0.8355898,0.53551114,0.58341414,Beginner
0.7608162,0.6676584,0.37412265,0.59841055,0.2800379,0.24548371,0.17713408,0.0077806707,0.46912166,0.46956012,0.16373783,0.66835123,0.49480078,Intermediate
0.71532804,0.42786616,0.55648994,0.5913954,0.4522893,0.500302,0.05,0.01556938,0.2866455,0.4142674,0.25787657,0.6081675,0.34031025,Intermediate
0.574464,0.45704946,0.13969937,0.31123558,0.7679514,0.840989,0.67672276,0.0,0.53039736,0.19986895,0.53484523,0.7371533,0.6171182,Beginner
0.39488542,0.23741154,0.22765887,0.17880102,0.71089745,0.86893946,0.8189343,0.0,0.74941456,0.30896282,0.9836065,0.72805697,0.6731123,Beginner
0.8964942,0.8179433,0.70326495,0.81864935,0.22693954,0.10140177,0.10004672,0.12024759,0.13012786,0.89528,0.050664954,0.15743615,0.0951924,Placement-Ready
0.92587113,0.9201535,0.7373313,0.8673392,0.103429705,0.11415547,0.087217376,0.055973917,0.101581156,0.9140678,0.12440146,0.11970571,0.23789564,Placement-Ready
0.842504,0.7405144,0.7797566,1.0,0.07671959,0.0001407247,0.09381314,0.099830724,0.08059743,0.78750104,0.08851773,0.2895579,0.10054103,Placement-Ready
0.6129234,0.70292735,0.27064392,0.61471653,0.5141831,0.2691295,0.228003,0.08514204,0.27047834,0.28172678,0.21967727,0.30927303,0.6535744,Intermediate
0.33920196,0.49529445,0.12195722,0.26617616,0.78891593,0.70238847,0.5782767,0.010004898,0.7746132,0.2371804,0.81283677,0.1949016,0.8359754,Beginner
0.5711889,0.5899844,0.47023267,0.6181272,0.4167018,0.498809,0.20154235,0.013689221,0.44866392,0.32690465,0.16716996,0.44353253,0.64534056,Intermediate
0.66610724,0.7351087,0.5552012,0.4888909,0.4011159,0.31579223,0.1696242,0.047567304,0.27137157,0.35013473,0.20683631,0.5721895,0.66351235,Intermediate
0.5619684,0.4436368,0.13598508,0.1333242,0.72412866,0.6065994,0.6447854,0.0,0.37641448,0.3217452,0.610767,0.83651423,0.8426406,Beginner
0.3277702,0.1507898,0.32361656,0.23055255,0.9709433,0.6479678,0.65377015,0.01267958,0.5909912,0.1424855,0.8088684,0.5110755,0.65486777,Beginner
0.5169031,0.18204589,0.26936504,0.04817436,0.8902468,0.6991097,0.9025061,0.08535946,0.48717704,0.14814249,0.727125,0.59810287,0.7607986,Beginner
0.6562278,0.5482078,0.47006142,0.33880848,0.47154784,0.36156708,0.22276753,0.043426443,0.30211198,0.54365057,0.29375237,0.24575453,0.6863274,Intermediate
0.8166577,0.80564153,0.6112383,0.5097777,0.43922725,0.47393665,0.15052827,0.04307001,0.46505877,0.20588735,0.14994857,0.42353895,0.6530519,Intermediate
0.74985695,0.6230379,0.38982588,0.7488653,0.4582313,0.26780996,0.23692143,0.07646808,0.07535582,0.40109724,0.25884423,0.3202184,0.7309318,Intermediate
0.74391705,0.6843913,0.3042306,0.46249834,0.4079681,0.35847953,0.30196375,0.04622166,0.48971543,0.4107496,0.18203604,0.2904837,0.7103203,Intermediate
0.9315701,0.901863,0.85509956,0.7837311,0.22911079,0.011493021,0.08392897,0.032241233,0.07091548,0.72655874,0.11256378,0.08706564,0.26828432,Placement-Ready
0.80182207,0.6705631,0.5431006,0.65972805,0.5226654,0.37237945,0.062300246,0.07561744,0.2593133,0.8036226,0.227677,0.39288062,0.7116668,Intermediate
0.6562178,0.5300142,0.570171,0.49900746,0.44955164,0.25504875,0.20997578,0.090758145,0.2391619,0.34561116,0.44048145,0.2923437,0.49605852,Intermediate
0.63457876,0.6682418,0.39106706,0.5254712,0.29302144,0.4787446,0.21394509,0.00073755713,0.54504615,0.59273326,0.058163412,0.5602247,0.82840455,Intermediate
0.49907845,0.8315613,0.40486002,0.64950556,0.3067963,0.35304105,0.21416219,0.02230548,0.46406484,0.39940473,0.27893424,0.4312444,0.5678736,Intermediate
0.44449744,0.25202933,0.21757978,0.22755596,1.0,0.67637783,0.5235316,0.092889294,0.46129182,0.19196361,1.0,0.69495434,0.8315895,Beginner
0.87859017,0.80656856,0.868004,0.8512759,0.1884519,0.097933024,0.10849033,0.08051723,0.107221134,0.7278438,0.0310778,0.078269556,0.20589556,Placement-Ready
0.88346124,0.8417423,0.7367065,0.8896469,0.13168922,0.085390046,0.05479028,0.101929925,0.06486458,0.88497436,0.05497867,0.12844715,0.07463936,Placement-Ready
0.56723064,0.10483971,0.1147647,0.40713328,0.7501333,0.6192419,0.3491678,0.006397123,0.31952614,0.37191767,0.7466346,0.6413074,0.8705692,Beginner
0.23124944,0.36078402,0.30810642,0.3359608,1.0,0.64065796,0.791461,0.010086927,0.84668124,0.18111919,0.69181865,0.84591085,0.7410126,Beginner
0.5640626,0.31378445,0.16378176,0.10543681,0.8674773,0.7493768,0.73900414,0.094030134,0.3655479,0.2860799,0.7997013,0.73001015,0.68447757,Beginner
0.8789071,0.77304274,0.8427646,0.72177845,0.26439384,0.023847967,0.09591633,0.13270155,0.063540764,0.80999607,0.10116848,0.16079794,0.07420889,Placement-Ready
0.91817945,0.9205272,0.65097195,1.0,0.21866503,0.07702373,0.070882596,0.07690521,0.00893566,1.0,0.020659734,0.06933858,0.14977795,Placement-Ready
0.35896465,0.33993176,0.24883147,0.31051454,0.83531135,0.6439487,0.49721986,0.0011045091,0.956955,0.18304095,0.71627206,0.5106812,1.0,Beginner
0.33855015,0.2787469,0.16339035,0.31544673,0.74809116,0.7081662,0.5589574,0.009085716,0.6316572,0.14088877,0.68950564,0.81092775,0.7647773,Beginner
0.5896941,0.86517125,0.4612801,0.83599174,0.2631329,0.533824,0.29997262,0.067676626,0.4452034,0.38667113,0.14293873,0.44236234,0.63345456,Intermediate
0.7540168,0.75025886,0.69163156,0.8835203,0.1922839,0.145174,0.05,0.21962254,0.13471769,0.8668579,0.03882498,0.09923975,0.23981357,Placement-Ready
0.24401978,0.35762995,0.41708454,0.23693122,0.9343341,0.57187456,0.26264843,0.018470744,0.7092146,0.13948156,1.0,0.38532665,0.6523964,Beginner
0.93958646,0.7989444,0.687406,0.7743427,0.20228703,0.0,0.06764731,0.19600156,0.0,0.90447795,0.112830766,0.12669666,0.2822135,Placement-Ready
0.56470114,0.062356714,0.1929047,0.22626771,0.8200334,0.61084914,0.60189307,0.064946674,0.45308837,0.27395052,0.77654797,0.73204416,0.8082615,Beginner
0.38820204,0.47004294,0.0714017,0.080378205,0.92599547,0.45894483,0.5605265,0.020552404,0.70023423,0.18282683,0.6826339,0.68033385,0.8692698,Beginner
0.5525369,0.32328713,0.27766177,0.13492285,0.92260444,0.937478,0.31477553,0.013246293,0.53901553,0.2453846,0.5675011,0.89434075,0.6070526,Beginner
0.230848,0.26885757,0.2238551,0.2593563,1.0,0.6888562,0.6556251,0.0,0.5937729,0.2121999,0.54371107,0.5099012,0.8587002,Beginner
0.12122656,0.26287428,0.29849198,0.20356847,1.0,0.7843452,0.6677516,0.009903576,0.58634275,0.15787058,0.7046596,0.72963005,0.6877003,Beginner
0.37693352,0.4172729,0.26348802,0.20552628,0.90742147,0.29271862,0.82975316,0.0,0.52751184,0.09090909,0.55579776,0.82412404,0.74387586,Beginner
0.3810306,0.22726788,0.2780413,0.2696118,0.90348375,0.72577477,0.122341506,0.020656822,1.0,0.29854918,0.21917135,0.7176632,0.7439905,Beginner
0.26111692,0.36294135,0.14680327,0.25975323,1.0,0.6739829,0.8628019,0.0961792,0.49321818,0.09090909,0.7609495,0.7670117,0.8090224,Beginner
0.17541577,0.30739328,0.17353855,0.21903032,0.7677139,0.78450984,0.7693893,0.01216309,0.5359075,0.18406941,0.69911444,0.403617,0.93103355,Beginner
0.5729297,0.58977675,0.54393893,0.64677453,0.4200798,0.23778291,0.15076898,0.005724528,0.0,0.24126564,0.43938264,0.5565418,0.68299174,Intermediate
0.6982503,0.6727568,0.592483,0.38081133,0.4088823,0.74539775,0.11649837,0.016699914,0.5912619,0.6051148,0.2383924,0.4809203,0.5996832,Intermediate
0.46414235,0.4044514,0.26297426,0.3355154,0.90559864,0.57758635,0.886947,0.0071774554,0.5867225,0.15157843,0.8237313,0.5692944,0.8080299,Beginner
0.30636424,0.18936558,0.22813246,0.18468706,0.63000506,0.5993458,0.64515764,0.058190413,0.45023766,0.24211577,1.0,0.7216383,0.6899286,Beginner
0.6078206,0.33963668,0.23357981,0.14842026,0.8828588,0.60667515,0.57960266,0.022851596,0.46783316,0.09090909,0.5921179,0.7991448,0.8305677,Beginner
0.6960483,0.6489451,0.3491996,0.59568924,0.4541051,0.52778304,0.11016429,0.078164324,0.55430454,0.5104752,0.17543417,0.4007836,0.5928604,Intermediate
0.5187062,0.2579061,0.308667,0.32161394,0.9306575,0.5552174,0.61966205,0.010524701,0.3155987,0.28227824,0.62738985,0.55856484,0.6784021,Beginner
0.63244075,0.3596397,0.18096054,0.34851602,0.54602593,0.73794,0.66383207,0.012035787,0.53324425,0.09090909,0.63159794,0.6653112,0.66637766,Beginner
0.64694196,0.6145659,0.42062318,0.49701265,0.4271582,0.53139424,0.15415506,0.036711052,0.19031085,0.124357305,0.31700543,0.59020764,0.7524965,Intermediate
0.61138743,0.33240363,0.28592822,0.23030207,0.97195643,0.72131824,0.6115728,0.008775951,0.7368901,0.14352737,0.8964647,0.48017764,0.66813004,Beginner
0.6261856,0.6424278,0.4087913,0.5287743,0.34686545,0.74390703,0.1225821,0.031942207,0.21666348,0.39291346,0.41997707,0.4118418,0.40137044,Intermediate
0.4697882,0.6047455,0.686092,0.5274262,0.5139242,0.33403224,0.26749235,0.024396917,0.13511272,0.5534761,0.4058182,0.45396432,0.41587135,Intermediate
0.6142192,0.30352953,0.16217321,0.0,0.6427364,0.6376142,0.55058414,0.0016739661,0.5018387,0.09090909,0.7311271,0.4890363,0.69813144,Beginner
0.56713563,0.5336478,0.4108587,0.6314606,0.37171927,0.35634163,0.3305937,0.027457507,0.37001237,0.7252165,0.18214634,0.21554716,0.4113239,Intermediate
0.9108446,0.79710513,0.7248265,0.92048275,0.19039297,0.09015765,0.057662304,0.111352265,0.064335234,0.83626366,0.02828323,0.08197421,0.15626685,Placement-Ready
0.6304616,0.28210166,0.2073079,0.27610955,0.67918944,0.58095086,0.6669789,0.0035945547,0.32800615,0.29343635,0.8232143,0.91512537,0.8940761,Beginner
0.91752666,0.60589844,0.5771518,0.584038,0.43819216,0.27229503,0.19002782,0.04606197,0.13051678,0.44845185,0.25335056,0.37949324,0.64807594,Intermediate
0.39516953,0.1822389,0.36984834,0.36736864,0.7973106,0.67897487,0.63973516,0.015212494,0.19339985,0.37385,0.63151735,0.6497142,0.804184,Beginner
0.9635042,0.83608824,0.76657265,0.89217716,0.16919489,0.10750879,0.0686052,0.18660146,0.049412843,0.8516277,0.10037047,0.28084,0.15948147,Placement-Ready
0.630667,0.6922409,0.4863739,0.64729416,0.39638838,0.26050165,0.1806888,0.012367141,0.13422261,0.54023343,0.44469243,0.35843605,0.39375255,Intermediate
0.8064374,0.66517425,0.35796186,0.610391,0.44288227,0.40666768,0.18150336,0.031586956,0.36842492,0.36231375,0.22157395,0.42905346,0.6239655,Intermediate
0.8420387,0.89154774,0.8008119,0.8311644,0.16802506,0.0297755,0.054675132,0.16620512,0.0,0.85629773,0.060588256,0.19793057,0.0774988,Placement-Ready
0.39345258,0.4744639,0.19751842,0.30099595,0.6747182,0.67681605,0.6211499,0.0,0.3164752,0.23635085,0.72808695,0.561061,0.7115617,Beginner
0.48195738,0.3483841,0.21661344,0.3588201,0.57389146,0.62029487,0.5757849,0.022182688,0.5907007,0.22273225,0.66156316,0.72302634,1.0,Beginner
0.38526806,0.24248135,0.21904793,0.17318241,0.8678685,0.61302114,0.6452609,0.010135566,0.64298517,0.14002351,0.69913673,0.6644014,0.82424897,Beginner
0.8833114,0.47209108,0.32146972,0.45954546,0.30560595,0.42851785,0.19331965,0.09474189,0.585702,0.45366433,0.5346391,0.6732202,0.532394,Intermediate
0.76907825,0.75798017,0.31840676,0.79823536,0.32611236,0.13233043,0.26123616,0.019213866,0.3995437,0.444494,0.33496356,0.5298198,0.6221351,Intermediate
0.6337196,0.44669083,0.5872607,0.54990184,0.44528115,0.4427547,0.14056484,0.069709204,0.025094068,0.40038642,0.24439408,0.3335082,0.7839093,Intermediate
0.7003607,0.7245994,0.49028346,0.55502427,0.4189911,0.77387875,0.14081036,0.0732466,0.255151,0.4462289,0.1425403,0.73206943,0.63338035,Intermediate
0.84980506,0.6375754,0.36478594,0.73027307,0.42545405,0.5803018,0.23175913,0.06474633,0.03562093,0.3863342,0.1472408,0.39378244,0.6707718,Intermediate
0.3514429,0.18066242,0.07334636,0.37215483,0.59725934,0.69319785,0.7505782,0.005904569,0.43496683,0.20238528,0.9176901,0.4746027,0.78198224,Beginner
0.85905695,0.74599826,0.8577535,0.7408909,0.18030214,0.023221325,0.0943961,0.11501826,0.04327687,0.8544787,0.09815422,0.15104038,0.21567269,Placement-Ready
0.7702503,0.6108619,0.62565774,0.5837701,0.41650996,0.3213501,0.20718478,0.04741492,0.30625072,0.29343984,0.29207736,0.6852801,0.53712994,Intermediate
0.31695333,0.40298826,0.13489683,0.1552183,0.8269749,0.5211309,0.46819866,0.071104124,0.7840023,0.15442154,0.7476123,0.78740156,0.7133277,Beginner
0.7797769,0.6766817,0.37009174,0.58325857,0.3798,0.3056001,0.26427516,0.06617439,0.2312171,0.43117508,0.27107292,0.6245807,0.5614349,Intermediate
0.64063007,0.62745124,0.45128337,0.54117966,0.46949148,0.30488685,0.11660334,0.061664734,0.33987746,0.49936265,0.37510064,0.5184962,0.6043093,Intermediate
0.29378194,0.37834656,0.2766613,0.34308103,1.0,0.7217055,0.6852313,0.0029009185,1.0,0.15122318,0.7037676,0.59798753,0.7226125,Beginner
0.40001383,0.4426836,0.20986713,0.21734866,0.645448,0.5799087,0.395103,0.01275397,0.5461801,0.2118812,0.5686127,0.52164614,0.6952948,Beginner
0.700929,0.6925924,0.6991132,0.6890667,0.3278559,0.43533728,0.2563107,0.020117722,0.35973492,0.707728,0.30389118,0.2108726,0.6045403,Intermediate
0.88601464,0.7397344,0.6717935,0.81530136,0.12092983,0.12826476,0.071025744,0.15777084,0.0,0.98170567,0.10937404,0.18235715,0.3146861,Placement-Ready
0.85336226,0.7730048,0.62162244,0.51807684,0.33881712,0.2581428,0.3449166,0.022755764,0.40152565,0.30712146,0.39882553,0.45258293,0.8000458,Intermediate
0.63418245,0.8298841,0.3963886,0.59759593,0.4592521,0.4745162,0.2441393,0.017230747,0.36773214,0.4908893,0.26892495,0.21571821,0.52981144,Intermediate
0.6251991,0.44150615,0.6595939,0.57703173,0.17716576,0.43636203,0.19628358,0.016793296,0.55169487,0.46917534,0.26478824,0.3900863,0.37300807,Intermediate
0.63404083,0.637727,0.53205335,0.6533963,0.5244147,0.3843,0.25677302,0.07370705,0.3346523,0.3286603,0.23734424,0.13051508,0.4594894,Intermediate
0.74805295,0.72463286,0.3884809,0.65583116,0.31924343,0.37337628,0.0975346,0.066528805,0.27749395,0.5305587,0.27852973,0.52916217,0.59308356,Intermediate
0.9395125,0.82646203,0.7998984,0.8961434,0.18500926,0.0,0.05154351,0.064524025,0.07464621,0.755968,0.09154508,0.2965523,0.36277702,Placement-Ready
0.59062314,0.61158323,0.5027678,0.6390674,0.45182586,0.37018576,0.2846771,0.06743549,0.18018204,0.5818028,0.22663613,0.6658621,0.6249366,Intermediate
0.6447763,0.30796495,0.0,0.3984199,0.7106102,0.5997774,0.52031094,0.0072878655,0.72245395,0.09090909,0.5883419,0.7014738,0.8747533,Beginner
0.2483237,0.23921247,0.17687018,0.18420774,0.91666675,0.55427057,0.6441083,0.020969527,0.49736074,0.11655283,0.7154213,0.8269588,0.8232929,Beginner
0.86532545,0.8255855,0.71592236,0.8651535,0.19159397,0.08539134,0.05256207,0.13790752,0.11441503,0.8904139,0.14433968,0.15871346,0.15627424,Placement-Ready
0.21386921,0.31837994,0.18684882,0.35283956,0.8143494,0.73417616,0.39034978,0.009068285,0.79402024,0.111223966,0.7451175,0.5095331,0.6579389,Beginner
0.3534038,0.3285887,0.19394156,0.33886543,0.81108594,0.4221505,0.7879962,0.0077571827,0.3459241,0.1419151,0.46468955,0.4625166,0.81715393,Beginner
0.85922253,0.54139715,0.6562056,0.5768994,0.3808374,0.4688187,0.05,0.059707064,0.3616374,0.26651138,0.06703523,0.36534578,0.627446,Intermediate
0.37193245,0.18628213,0.14857364,0.433952,0.7965728,0.7352528,0.62113076,0.022421578,0.39095712,0.14578223,0.7246552,0.39182362,0.690063,Beginner
0.88716924,0.8272683,0.75437754,0.84212047,0.15892209,0.028924778,0.09972962,0.05536772,0.030823668,0.9026732,0.09912448,0.078524955,0.2954982,Placement-Ready
0.28418732,0.3573967,0.079714105,0.49975777,0.7459836,0.7342981,0.63580734,0.015952604,0.296164,0.18133305,0.6511847,0.39656642,0.91845465,Beginner
0.3435403,0.45681047,0.17791376,0.24831766,0.8069133,0.550346,0.2474335,0.002520761,0.6494155,0.18975736,0.855361,0.66451246,0.7868541,Beginner
0.87608767,0.80888826,0.7684128,0.82499963,0.15132256,0.105018355,0.067194566,0.16136087,0.12850255,0.7636206,0.09936901,0.17345953,0.10246094,Placement-Ready
0.8428107,0.78231585,0.83101857,0.920346,0.29174888,0.14938155,0.086928606,0.20169045,0.053728808,0.86636966,0.0072403853,0.27066958,0.2332391,Placement-Ready
0.5861217,0.5546103,0.373093,0.41707614,0.55912155,0.4614162,0.26402935,0.03492434,0.43614176,0.3421515,0.3952367,0.3191233,0.50332385,Intermediate
0.27786043,0.10897881,0.21321443,0.4312133,0.84498143,0.9249359,0.8146499,0.0064645912,0.44809866,0.11625595,0.4924407,0.6548495,0.45146427,Beginner
0.37124366,0.11054189,0.2071969,0.2890582,0.95660436,0.3827255,0.37498075,0.0061856895,0.59930384,0.1686333,0.7317467,0.7112144,0.69160485,Beginner
0.91233206,0.56956494,0.43904555,0.60046905,0.353148,0.2609443,0.20167166,0.01192798,0.2795072,0.27344432,0.118590415,0.78102076,0.5664998,Intermediate
0.65492153,0.8286264,0.3236633,0.7550663,0.52150655,0.6651333,0.09117729,0.030272186,0.52379143,0.19858557,0.107224934,0.37675384,0.6287991,Intermediate
0.53778976,0.30754337,0.09184273,0.2204725,0.66517967,1.0,0.56482285,0.011971546,0.71029705,0.18578205,1.0,0.5566026,0.8233529,Beginner
0.82972306,0.5407732,0.3321208,0.57928765,0.2661947,0.6448114,0.24991444,0.067388654,0.15637697,0.55160016,0.39559132,0.5911304,0.88575,Intermediate
0.41318524,0.37994993,0.16876052,0.27020743,0.61297315,0.7294028,0.61772937,0.025113385,0.55420345,0.1900039,0.7855442,0.581777,0.7037009,Beginner
0.29804093,0.25457558,0.21840517,0.11119069,0.5617473,0.9368077,0.23518603,0.1059965,0.7450303,0.24363391,0.8363203,0.61209714,0.84705013,Beginner
0.3408091,0.383112,0.2377482,0.20059341,0.94673747,0.6166896,0.4546102,0.0,0.48920628,0.30079243,0.4391561,0.507212,0.85268825,Beginner
0.5303684,0.65587413,0.6588906,0.71793723,0.46683332,0.21057716,0.28131235,0.06394707,0.030833462,0.3016437,0.40657887,0.5814069,0.36771256,Intermediate
0.71199846,0.6592275,0.4124066,0.6285525,0.54878044,0.3327588,0.3054651,0.06090595,0.24465351,0.58236307,0.25383702,0.51795775,0.5640939,Intermediate
0.9590691,0.8357037,0.7724087,0.9633207,0.25680345,0.04294128,0.09220539,0.0,0.0,0.9608983,0.049386505,0.13397345,0.12756796,Placement-Ready
0.6507556,0.66600454,0.7570846,0.5710218,0.5112061,0.6307031,0.35271916,0.04894682,0.39631617,0.27899382,0.20639482,0.35929874,0.93609184,Intermediate
0.3464008,0.17209692,0.26122355,0.14988618,1.0,0.8055761,0.48387033,0.00593382,0.5814112,0.16004528,0.91752505,0.6779624,0.7122042,Beginner
0.79314786,0.64785635,0.53200144,0.6453768,0.3001665,0.5679333,0.25930214,0.069426835,0.43146232,0.5273793,0.33755016,0.48576596,0.59055346,Intermediate
0.9393574,0.7838215,0.86550367,0.7931332,0.09612581,0.1720307,0.07953309,0.17427243,0.0074264063,0.6916536,0.18051215,0.14948586,0.26913518,Placement-Ready
0.4174854,0.42030478,0.2820339,0.34802416,0.7277264,0.78028786,0.45560732,0.017908433,0.83024395,0.23212396,0.6948884,0.6194409,1.0,Beginner
0.87813437,0.82061064,0.7143406,0.7640785,0.08669402,0.0055746487,0.05,0.08246254,0.09105029,0.8628805,0.05672745,0.09469682,0.21187477,Placement-Ready
0.31668153,0.301849,0.32501507,0.27617115,0.89803725,0.68845433,0.64070207,0.014465458,0.77311176,0.14257085,0.68116516,0.36087763,0.7535419,Beginner
0.68991685,0.24030064,0.33944026,0.23078439,0.88442075,0.93834007,0.80633074,0.0,0.6889792,0.25915632,0.88377947,0.48300576,0.72115576,Beginner
0.6862835,0.69872737,0.63211286,0.41416445,0.5749766,0.14618567,0.13646837,0.043577258,0.58874106,0.41251045,0.29616794,0.6648118,0.55495226,Intermediate
0.9322833,0.84108967,0.81351143,0.97049254,0.16083917,0.0,0.090680145,0.15795231,0.08798481,0.75479823,0.0,0.17119515,0.23949462,Placement-Ready
0.42625636,0.21537867,0.2906586,0.3054715,0.60678023,0.68952286,0.44553643,0.018769236,0.85430485,0.09090909,0.87400544,0.5265056,0.76965,Beginner
0.8061402,0.8668828,0.7497258,0.8943813,0.0875923,0.05925658,0.060644776,0.114623636,0.0,1.0,0.0,0.18809654,0.09060812,Placement-Ready
0.55178815,0.52629554,0.53238595,0.49453586,0.041666668,0.541141,0.08159063,0.06222966,0.3046822,0.7432781,0.4196349,0.3743093,0.49469048,Intermediate
0.5317956,0.11969133,0.22790235,0.21913408,0.6143297,0.77977484,0.4522098,0.10278826,0.113236696,0.20438714,0.7564046,0.60787046,0.73649174,Beginner
0.38592768,0.23099607,0.21113284,0.26797968,1.0,0.903999,0.6902977,0.0255002,0.19676377,0.22388977,0.9383478,0.7321157,0.64006305,Beginner
0.9189663,0.8817221,0.86971897,0.9001445,0.21821241,0.052544665,0.09220902,0.14916869,0.093144804,0.8726073,0.11580606,0.111341566,0.28953665,Placement-Ready
0.36760944,0.13568112,0.20593165,0.44937643,0.7947996,0.7546051,0.34796706,0.00589292,0.5249607,0.152935,0.94224656,0.73365366,0.666625,Beginner
0.8968859,0.7060184,0.50622195,0.543635,0.34544462,0.6607572,0.28545904,0.06136441,0.32439235,0.4913704,0.46783495,0.4123718,0.38145936,Intermediate
0.90798926,0.97154266,0.82960415,0.9238007,0.19446275,0.0,0.05,0.23422077,0.023408886,0.8075681,0.094739795,0.19403224,0.2876862,Placement-Ready
0.46366856,0.2652475,0.12747559,0.40374863,0.9741338,0.7433267,0.34742704,0.0008532089,0.62144583,0.13637537,0.6988361,0.8032945,0.88798153,Beginner
0.16826622,0.3291007,0.24509123,0.32992414,0.89256054,0.98560584,0.2563725,0.0010728504,0.73244065,0.09090909,0.5315118,0.9298767,0.605607,Beginner
0.68406713,0.61699843,0.44177204,0.4930522,0.55137944,0.484375,0.17405818,0.051924966,0.0,0.27296305,0.20996536,0.3337774,0.7819522,Intermediate
0.69935995,0.64208764,0.26985204,0.50632614,0.39292076,0.325385,0.12332793,0.006049053,0.19962859,0.11623074,0.16405478,0.5317754,0.6270243,Intermediate
0.95112324,0.88155746,0.7093952,0.78430945,0.26238877,0.038759813,0.09381216,0.18571538,0.09586492,0.84098566,0.054368258,0.07693469,0.04384926,Placement-Ready
0.8566232,0.8093587,0.84951067,0.8465422,0.20338537,0.02114844,0.05,0.16762267,0.05164229,0.9111452,0.17562486,0.130896,0.19703646,Placement-Ready
0.5711228,0.71475613,0.67794293,0.33056116,0.27948254,0.1711658,0.16323237,0.044441696,0.24038745,0.5246117,0.06880252,0.37192184,0.80496013,Intermediate
0.588371,0.5877324,0.53782374,0.44139642,0.47599128,0.23046994,0.18944304,0.063535385,0.48059383,0.67078745,0.4266958,0.40138918,0.36884505,Intermediate
0.6488577,0.6367526,0.65079254,0.70355207,0.27797148,0.2880593,0.23562737,0.06715482,0.26231956,0.4658279,0.4500371,0.39920112,0.8209738,Intermediate
0.27792642,0.24589932,0.28045326,0.22337341,0.58920074,0.9852254,0.66399306,0.07819794,0.51163024,0.19189876,1.0,0.48378313,0.91712487,Beginner
0.7628208,0.64584017,0.40941986,0.63725495,0.33083102,0.28999707,0.32275203,0.028133957,0.5422359,0.6221867,0.16270606,0.67137146,0.6228291,Intermediate
0.25436938,0.367797,0.11722178,0.21027708,0.85987234,0.7100751,0.6517775,0.002198882,0.7189709,0.12607165,0.70130706,0.68565977,0.8123694,Beginner
0.46184835,0.31261778,0.202202,0.49562347,0.6904266,0.6595386,0.9983107,0.09975275,0.48997694,0.16845223,0.8761102,0.6811704,0.64488494,Beginner
0.38773692,0.10245334,0.14485317,0.2327095,0.61021245,0.80998933,0.90615016,0.08270806,0.5573114,0.31733873,0.7723001,0.5994371,0.7263917,Beginner
0.7963871,0.47598788,0.49549007,0.45581308,0.49936897,0.4673041,0.21427977,0.06446431,0.0762391,0.4437048,0.17341639,0.60375947,0.6561434,Intermediate
0.98755866,0.92796195,0.8321682,0.8825445,0.2738987,0.03169934,0.052170962,0.18385577,0.09971567,0.7551368,0.04811841,0.28512746,0.26116672,Placement-Ready
0.6608488,0.42502868,0.1452997,0.16301152,0.6573348,0.5486107,0.6306068,0.006743003,0.6977226,0.09090909,0.5816178,0.65773684,0.9763617,Beginner
0.64225197,0.36802652,0.3126252,0.19583084,0.72625864,0.76238155,0.45842946,0.0045338697,0.77591854,0.23701192,0.9466738,0.46211165,0.7397045,Beginner
0.41384032,0.42795187,0.042654492,0.31032938,0.41767603,0.57515025,0.9258333,0.006177134,0.365224,0.16382384,1.0,0.37524766,0.6738428,Beginner
0.8300911,0.67050624,0.6373522,0.52124864,0.55296683,0.5140472,0.29274383,0.008570665,0.47681096,0.69636387,0.30135435,0.4547623,0.5224984,Intermediate
0.5341509,0.39360562,0.28215495,0.25365716,0.65707874,0.6220575,0.49004212,0.008367674,0.6536101,0.24683404,0.7423322,0.65241873,0.8171967,Beginner
0.76474077,0.6425671,0.49859628,0.7188989,0.3655154,0.23239529,0.30212775,0.045980584,0.33748785,0.5515171,0.23050511,0.41716167,0.55343837,Intermediate
0.27255845,0.2591899,0.14033477,0.32813635,0.92043436,0.68480694,0.6076476,0.09443527,0.5400647,0.17725413,1.0,0.48320496,0.9757013,Beginner
0.5933781,0.29861623,0.16482177,0.19082527,1.0,0.53152394,0.762641,0.008666058,0.54404795,0.2536702,0.8010077,0.73559195,0.91618216,Beginner
0.6477799,0.300111,0.09644529,0.30914608,0.91670716,0.629831,0.8331833,0.0,0.3010488,0.19423613,0.7538078,0.54251397,0.89715135,Beginner
1.0,0.86875784,0.76597583,0.84465176,0.13999237,0.03406497,0.08606017,0.123421654,0.06637846,0.7281876,0.07444287,0.23240943,0.108107574,Placement-Ready
0.9087811,0.8040173,0.7078998,0.6942592,0.29282513,0.014168298,0.05,0.21507822,0.051553115,0.8523598,0.09856388,0.18485507,0.2413228,Placement-Ready
0.6145264,0.23725572,0.22584465,0.05515137,0.73618007,0.8051233,0.39325303,0.008327941,0.11898609,0.09090909,0.58402884,0.66526264,0.8400091,Beginner
0.5932583,0.7049382,0.47524497,0.442611,0.3503101,0.4617394,0.2493146,0.073829465,0.515361,0.29322308,0.1492477,0.25428092,0.46512058,Intermediate
0.6342746,0.75705117,0.4210232,0.61577165,0.48830363,0.46313235,0.19373228,0.06770897,0.32336646,0.22000793,0.4467919,0.35796213,0.5736594,Intermediate
0.30751854,0.18896005,0.26536444,0.090021126,1.0,0.731999,0.66958123,0.0043143574,0.536947,0.14302208,0.6687248,0.7449443,0.7460509,Beginner
0.80418265,0.8369782,0.88495415,0.909927,0.1746568,0.07121908,0.05,0.11830739,0.062172037,0.96410125,0.042789463,0.13481319,0.12507865,Placement-Ready
0.89466983,0.8168035,0.32559785,0.34944868,0.34639058,0.36749333,0.16978045,0.07072679,0.33159834,0.37212348,0.23532157,0.3380478,0.72446007,Intermediate
0.87454724,0.86418515,0.9901048,0.6696317,0.17579404,0.12247546,0.05045645,0.03172849,0.0,0.916163,0.03973477,0.115543954,0.30967307,Placement-Ready
0.4765086,0.2706462,0.32222915,0.29695722,0.6472504,0.69289166,0.30554852,0.0,0.41019195,0.19296192,0.7688263,0.43826365,0.51454854,Beginner
0.8409629,0.8332745,0.7205924,0.9423725,0.14336343,0.16073634,0.07840773,0.1522121,0.05416389,0.7861576,0.10436116,0.115605436,0.25176096,Placement-Ready
0.52895576,0.5681564,0.45041737,0.4505963,0.4482665,0.27977762,0.34687448,0.044393316,0.14123243,0.42211628,0.25069714,0.6013655,0.54464996,Intermediate
0.70255715,0.22691344,0.20860124,0.2280637,0.6608217,0.79023564,0.5571712,0.022017669,0.47028857,0.35103393,0.7913811,0.84070003,0.8138544,Beginner
0.406163,0.20211858,0.21295644,0.2905903,0.76445884,0.64584684,0.3498608,0.011139264,0.18700853,0.11945473,0.6108324,0.6140935,0.7744004,Beginner
0.86318886,0.6257262,0.5815903,0.33876708,0.40747768,0.3226134,0.07931204,0.061681088,0.34669375,0.47703582,0.37325823,0.49818748,0.48931524,Intermediate
0.5897989,0.35796434,0.18317893,0.11374469,1.0,0.4619846,0.48031482,0.012837615,0.96043295,0.21664548,0.8220457,0.5645924,0.86821765,Beginner
0.8625942,0.8903084,0.70554805,0.74044514,0.15416037,0.056703288,0.06790632,0.19408992,0.08852086,0.9121127,0.093319975,0.11526492,0.13460548,Placement-Ready
0.34936976,0.35796332,0.24606371,0.27332613,0.73869175,0.7707726,0.5409197,0.012343515,0.8635195,0.09090909,0.92098176,0.84756726,0.78583175,Beginner
0.71194565,0.7389195,0.55445933,0.5372034,0.42404476,0.655836,0.1624872,0.04999174,0.40049142,0.48916644,0.27025595,0.38605112,0.5572208,Intermediate
0.79203963,0.72678566,0.38238603,0.3962887,0.32731107,0.53678113,0.3714884,0.020301,0.3460964,0.70469517,0.34983736,0.6632255,0.74980897,Intermediate
0.5821563,0.6270865,0.751679,0.6685522,0.3355191,0.38766146,0.16467819,0.034664482,0.9718626,0.5934488,0.40333176,0.35652295,0.8354376,Intermediate
0.80883527,0.85623515,0.5939814,0.83259463,0.19560447,0.0,0.09033442,0.09689534,0.065064855,0.87562054,0.06467434,0.21332552,0.24812873,Placement-Ready
0.34520224,0.27854624,0.0,0.16584525,0.6602944,0.79991746,0.43889466,0.009190845,0.9084553,0.2722138,0.8853407,0.5750191,0.86516386,Beginner
0.78601205,0.65018123,0.7161129,0.5440966,0.3638487,0.31881517,0.21808355,0.03485032,0.34064823,0.45851418,0.23881026,0.63767236,0.88448745,Intermediate
0.87867546,0.92494076,0.7665427,0.87182534,0.2467282,0.13353978,0.06399853,0.12507649,0.095238194,0.9490427,0.07471699,0.14571635,0.24676837,Placement-Ready
0.35754013,0.4276264,0.24969654,0.25218773,0.7887371,0.6129557,0.4912033,0.014471584,0.3229279,0.23573218,0.69172394,0.7738336,0.91533124,Beginner
0.8586114,0.62380844,0.3812029,0.521344,0.42079297,0.47757345,0.31645525,0.066296406,0.2447501,0.38904187,0.10869884,0.52848285,0.7623568,Intermediate
1.0,0.903716,0.8466537,0.8035596,0.12980793,0.014855461,0.061816167,0.14149915,0.1180056,0.96412164,0.0,0.08689254,0.34996402,Placement-Ready
0.19992866,0.3591657,0.28689757,0.1236203,0.84372365,0.7145096,0.37399116,0.018069081,0.43610266,0.11809776,0.8148869,0.62851316,0.8203146,Beginner
0.7811984,0.81914127,0.34954935,0.618765,0.41579628,0.3001787,0.32441577,0.064813435,0.1905913,0.55269766,0.42100254,0.281753,0.6284871,Intermediate
0.84750116,0.7309955,0.79473907,0.9912474,0.22303212,0.120457955,0.052564334,0.21874827,0.1188359,0.78694636,0.051514205,0.25037247,0.39961475,Placement-Ready
0.5536899,0.644362,0.49988422,0.7135601,0.50310427,0.57779115,0.13821056,0.03212906,0.46711236,0.37386647,0.11742804,0.52988946,0.5179172,Intermediate
0.57453305,0.24824664,0.17208605,0.3166452,0.6982361,0.64560467,0.56637704,0.007889869,0.36528596,0.2541733,0.9072797,0.7015428,0.7548137,Beginner
0.8943584,0.6255453,0.55455035,0.54793704,0.3712918,0.22371696,0.258401,0.032016512,0.36628634,0.47772866,0.33452186,0.7012695,0.5943423,Intermediate
0.54824114,0.28066957,0.3377268,0.24737719,0.8977514,0.94126683,0.56131446,0.1015035,0.8577727,0.16972698,0.5518662,0.97145104,0.74362826,Beginner
0.3551401,0.23765226,0.09934774,0.38195765,0.76500684,0.6584425,0.8359433,0.0035763732,0.7669591,0.2087783,0.59432554,0.63862944,0.9167556,Beginner
0.37580702,0.20926735,0.2646956,0.20144337,0.60800856,0.586084,0.9468084,0.014116788,0.621552,0.15910056,0.79382235,0.6920354,0.83506024,Beginner
0.95464456,0.8706891,0.757985,0.8149104,0.114766836,0.01598304,0.07936777,0.123828426,0.074403495,0.855839,0.016160881,0.16964869,0.23856062,Placement-Ready
0.6192635,0.25445396,0.21598646,0.09999118,0.88350266,0.7797142,0.8976789,0.020095525,0.67028135,0.13908441,0.78070027,0.633348,0.91440773,Beginner
0.53323585,0.33380234,0.12343827,0.120962515,1.0,0.578174,0.3693299,0.020306695,0.6677106,0.09655222,0.78249377,0.49613708,0.93209857,Beginner
0.5953142,0.72174215,0.5337895,0.7760302,0.29586208,0.21728618,0.15943044,0.052236617,0.53122026,0.6717855,0.022803769,0.48745608,0.11805696,Intermediate
0.67085165,0.8358019,0.39308453,0.74807763,0.42197528,0.5010161,0.32460195,0.0006962076,0.2982671,0.41878706,0.16404262,0.5189439,0.85748106,Intermediate
0.8038735,0.58179057,0.30397794,0.6503871,0.20064217,0.48610604,0.36090073,0.0550073,0.021402158,0.46901697,0.20439117,0.2696995,0.686915,Intermediate
0.702003,0.6940078,0.49573717,0.46755308,0.3701016,0.592226,0.41850644,0.005042714,0.4636542,0.48865652,0.4108779,0.36742675,0.3347605,Intermediate
0.51946294,0.39012963,0.14455925,0.14945881,0.68809503,0.6305156,0.23666798,0.01745241,0.50882345,0.22382493,0.7026363,0.6465551,0.71777767,Beginner
0.73283625,0.4483673,0.52478176,0.43086088,0.29040623,0.32582864,0.39634174,0.019329213,0.36469027,0.55960363,0.19503836,0.21353853,0.3369026,Intermediate
0.5360632,0.2779357,0.16062015,0.1895795,0.7774731,0.69987667,0.6824218,0.015539487,0.57317096,0.21849717,0.66759604,0.84721696,0.73213863,Beginner
0.7681147,0.6842808,0.5907901,0.5667221,0.5316091,0.4565462,0.28215158,0.015025614,0.35941365,0.72436965,0.1331781,0.5595159,0.7284359,Intermediate
0.8200437,0.6846449,0.6081205,0.51518875,0.27709612,0.33336893,0.12482346,0.033117127,0.1869034,0.32626757,0.36387435,0.2980909,0.87533706,Intermediate
0.7984593,0.69906723,0.61447316,0.63514906,0.60177755,0.38658625,0.30772623,0.017514236,0.1762559,0.2907974,0.45288762,0.06711898,0.5396535,Intermediate
0.7200785,0.4524044,0.53675944,0.5866365,0.47665447,0.31656075,0.2541799,0.050922982,0.1931168,0.2972803,0.3459049,0.60116446,0.5062635,Intermediate
0.7542424,0.83879286,0.8006252,0.8407943,0.35058123,0.10273107,0.07867855,0.15269217,0.02793405,0.9481345,0.10166012,0.17521374,0.15758798,Placement-Ready
0.6778872,0.6380561,0.64009637,0.49487692,0.45966953,0.3849815,0.45211935,0.04457424,0.4042747,0.4566391,0.13340347,0.37189662,0.7320707,Intermediate
0.6917554,0.688714,0.3848955,0.77288854,0.3120864,0.09221159,0.2510067,0.08654156,0.38796797,0.5569669,0.3049663,0.42714337,0.3682636,Intermediate
0.6722924,0.56185377,0.4987785,0.19277205,0.21463087,0.43884772,0.36827773,0.012693207,0.15645023,0.4808393,0.036782987,0.39729157,0.72355384,Intermediate
0.70169145,0.5201274,0.4217851,0.72171515,0.30727,0.43134126,0.37392554,0.023419304,0.1339977,0.42297986,0.30811203,0.35375926,0.8956924,Intermediate
0.25960377,0.44338843,0.16434555,0.313516,0.9950827,0.6449771,0.7064045,0.0024924434,1.0,0.26694366,0.72110903,0.53407496,0.7863204,Beginner
0.48062587,0.27003825,0.35481787,0.46339232,0.8876854,0.86547613,0.64721966,0.0,0.40405145,0.28601652,0.9410558,0.80811906,0.84152627,Beginner
0.42486045,0.38515764,0.32241723,0.21828142,0.52116907,0.7600848,0.62572575,0.008117811,0.57329756,0.19488004,0.8042643,0.69797146,0.77387774,Beginner
0.68748254,0.82711715,0.31111845,0.51734436,0.24527214,0.19858663,0.16717944,0.056225963,0.34002393,0.36191496,0.032664053,0.6716539,0.5571353,Intermediate
0.72442764,0.9348897,0.39778444,0.44866768,0.37585568,0.59070325,0.05,0.007585983,0.24004081,0.7436581,0.30305287,0.27563715,0.72330725,Intermediate
0.88154054,0.90213895,0.8054531,0.8319974,0.14542831,0.09896469,0.117692165,0.087056614,0.1455832,0.9726816,0.1621612,0.17467459,0.33711296,Placement-Ready
0.89408296,0.7612079,0.70498586,0.9079725,0.21297531,0.13322616,0.10919576,0.15803279,0.029259618,0.8740772,0.17959383,0.37115592,0.26630965,Placement-Ready
0.42157862,0.50883746,0.20883283,0.38298193,0.6356808,0.8119161,0.3893169,0.005832036,0.98280627,0.16448341,0.78261495,0.7805102,0.8594818,Beginner
0.56366265,0.18321347,0.19372998,0.38292652,0.876657,0.8166466,0.6292951,0.073136635,0.43988192,0.15368092,0.7788006,0.6916274,0.83842254,Beginner
0.6720894,0.601432,0.56471664,0.52489287,0.22935109,0.57765466,0.17022584,0.07722829,0.40458423,0.49370357,0.29509002,0.5552162,0.46043864,Intermediate
0.7673459,0.7158035,0.52565444,0.41207522,0.1920303,0.15058884,0.28597656,0.050011393,0.26847544,0.40428495,0.5414066,0.32656446,0.73917294,Intermediate
0.9033093,0.940042,0.6963347,0.80161756,0.23290098,0.121425465,0.0879155,0.10004146,0.079206415,0.93564224,0.10650147,0.14741094,0.2777094,Placement-Ready
0.38885242,0.23527594,0.21528946,0.17458181,0.88203824,0.61364496,0.4979128,0.020509046,0.446327,0.09090909,0.7642491,0.59592897,0.86136985,Beginner
0.5537967,0.8048874,0.32257277,0.49303812,0.29853225,0.42011568,0.17550524,0.036855303,0.18778108,0.40973815,0.3883347,0.15152434,0.7941975,Intermediate
0.3375617,0.3227326,0.32378381,0.24047486,0.82383615,0.7055423,0.847474,0.00884062,0.8566709,0.1724011,0.62108105,0.751906,0.76343983,Beginner
0.62000394,0.2766085,0.10668531,0.32838318,0.5118349,0.87429816,0.6859126,0.014521003,0.16713803,0.1519455,0.9230345,0.5722088,0.67063254,Beginner
0.7428059,0.7286916,0.40826106,0.4363534,0.6706688,0.5393858,0.30893695,0.050955657,0.34102824,0.25244457,0.3188447,0.46068472,0.46437916,Intermediate
0.6119394,0.7582433,0.3586785,0.68255526,0.33368376,0.29265994,0.20380244,0.06479051,0.443888,0.44117758,0.29027152,0.51963955,0.6851992,Intermediate
0.4427025,0.23468626,0.13849558,0.15223773,0.7233653,0.66692114,1.0,0.01962702,0.8049548,0.28805277,0.6001769,0.4666453,0.6671756,Beginner
0.6068529,0.30493084,0.28150716,0.17701282,0.846134,0.7666665,0.22207014,0.02752281,0.8581289,0.14570951,0.5846595,0.70213425,0.8104037,Beginner
0.36758825,0.17609473,0.38766748,0.4413331,0.89350873,0.59813964,0.5901941,0.009640876,0.66617024,0.3137274,0.8819125,0.48839357,0.96517956,Beginner
0.31437692,0.43885824,0.0072518913,0.0005948014,0.6055707,0.5433707,0.64074033,0.06335083,0.5490357,0.16819291,0.82916474,0.7749836,0.6408153,Beginner
0.39483938,0.42853853,0.16995355,0.20218766,0.9781635,0.70154226,0.7176491,0.0102002295,0.9112615,0.22637087,0.8321484,0.73494595,0.73338634,Beginner
0.5073811,0.23316418,0.108437724,0.24519554,1.0,0.67352325,0.7570253,0.017895492,0.5432628,0.3014859,0.31370088,0.46658745,0.69012415,Beginner
0.23837219,0.26665136,0.2908205,0.35548168,0.6496931,0.6926759,0.6562423,0.008715013,0.71700424,0.2073811,1.0,0.42045814,0.7853077,Beginner
0.87774825,0.861852,0.74768794,0.9126745,0.19364455,0.06320537,0.05,0.14350562,0.034521185,0.8581145,0.009052523,0.26466256,0.3056743,Placement-Ready
0.95451665,0.8286333,0.7655868,0.83383304,0.20360993,0.06641994,0.07785315,0.106673844,0.06759098,0.89216757,0.19387315,0.11949992,0.20158345,Placement-Ready
0.60085577,0.53203934,0.5673784,0.5168601,0.4186927,0.57229674,0.24121916,0.094885625,0.123628356,0.43401134,0.23528245,0.590476,0.26403126,Intermediate
0.79315794,0.6325391,0.44702157,0.5940449,0.4243827,0.19349618,0.25800413,0.008152104,0.030096497,0.56726146,0.46497574,0.3659164,0.85412633,Intermediate
0.85581434,0.88594866,0.7973389,0.9863382,0.23740911,0.14677021,0.05,0.18665215,0.04025518,0.8007348,0.0,0.2550696,0.19154267,Placement-Ready
0.79767036,0.928578,0.7740864,0.83251446,0.108984105,0.042440332,0.05,0.1827419,0.0,0.88370204,0.065198526,0.18109304,0.2234459,Placement-Ready
0.46033257,0.2356565,0.14753684,0.19068334,0.6916724,0.7363175,0.29224053,0.016279068,0.6182393,0.23022403,0.578378,0.6870033,0.9559012,Beginner
0.72147727,0.611002,0.2693857,0.7545435,0.16896339,0.42326248,0.33424446,0.064249724,0.5334134,0.59324455,0.52279633,0.4360519,0.53795767,Intermediate
0.807334,0.70146847,0.48265502,0.4490744,0.17924525,0.34057394,0.36780873,0.024675814,0.40503147,0.3249792,0.3127287,0.55616874,0.5010757,Intermediate
0.74463135,0.6134986,0.591993,0.4803803,0.59660345,0.4171244,0.20824526,0.011271448,0.42870873,0.54101044,0.18062349,0.6214001,0.54827094,Intermediate
0.1959063,0.4277677,0.24658512,0.16018161,1.0,0.7373512,0.8358594,0.011513851,1.0,0.34139463,0.71265537,0.79573566,0.8774451,Beginner
0.7762493,0.6591285,0.44144765,0.55457073,0.32901573,0.38556385,0.17703421,0.026783692,0.37186787,0.5402814,0.27748835,0.6551477,0.56093544,Intermediate
0.7166019,0.7196463,0.2799355,0.62240726,0.45996436,0.5707545,0.23500337,0.024867507,0.4951695,0.38230297,0.21715942,0.18057033,0.6856924,Intermediate
0.93068206,0.7389098,0.64259696,0.8793576,0.22237103,0.10002922,0.072558224,0.10495327,0.12937795,1.0,0.086456895,0.0953015,0.11908912,Placement-Ready
0.8000101,0.5209139,0.44720033,0.68647707,0.40347412,0.11042845,0.42470592,0.037698396,0.23958641,0.48942512,0.3750092,0.74416566,0.3509898,Intermediate
0.69134057,0.55720234,0.56351537,0.7352112,0.2731007,0.44760734,0.34597296,0.039803714,0.4878301,0.44628495,0.16488267,0.25926614,0.7177214,Intermediate
0.3726748,0.22641416,0.22666776,0.35575417,0.6456497,0.7191904,0.80767775,0.015113074,0.8618946,0.13016888,0.47538474,0.68009776,0.8435085,Beginner
0.7390547,0.6272687,0.3639819,0.5421239,0.51674503,0.5027613,0.27399716,0.036154088,0.38523656,0.4564763,0.5094803,0.44436824,0.8525727,Intermediate
0.49863306,0.26188624,0.26829705,0.41818005,0.61033785,0.6351094,0.5848658,0.023596313,0.46832347,0.12777239,0.8217211,0.5634157,0.8183031,Beginner
0.666385,0.6080577,0.524227,0.6899655,0.3501536,0.40952778,0.26180276,0.03597527,0.3110611,0.5912802,0.32238075,0.4839876,0.49420074,Intermediate
0.9426308,0.87095886,0.9280923,0.891947,0.24832939,0.10411308,0.08278484,0.18894574,0.08343987,0.88273305,0.09233928,0.19305834,0.15286265,Placement-Ready
0.59846526,0.24336053,0.28652933,0.2751364,0.6439866,0.7191068,0.75680053,0.07460494,0.83862257,0.2746832,0.88783723,0.58105147,0.6704189,Beginner
0.709011,0.62562454,0.35155994,0.37976447,0.35548595,0.30673307,0.16215995,0.033890698,0.30207536,0.35634142,0.30848363,0.39292973,0.6251475,Intermediate
0.664897,0.26892757,0.16987807,0.0,0.91937697,0.57180965,0.6057241,0.072442695,0.40554628,0.18904386,0.97856814,0.28148794,0.7027393,Beginner
0.7169693,0.6681968,0.42889798,0.48144564,0.49454972,0.36809054,0.27850348,0.04259955,0.43480903,0.3716623,0.28372785,0.5678989,0.7759451,Intermediate
0.80486405,0.6148287,0.44152087,0.5997948,0.5132097,0.35477906,0.2649995,0.017735364,0.42040914,0.36348423,0.036426447,0.5206303,0.74817514,Intermediate
0.83218807,0.61529416,0.43378696,0.36512187,0.3246811,0.3356779,0.27078384,0.020507913,0.14440107,0.34755903,0.4449988,0.4867177,0.69182354,Intermediate
0.6817758,0.68884367,0.56077397,0.7624797,0.3737025,0.453097,0.32927403,0.10066536,0.32171482,0.3121563,0.40175146,0.7298591,0.5516177,Intermediate
0.58846945,0.330845,0.16669726,0.22867672,0.6927263,0.61426973,0.25402042,0.0090610115,0.25955734,0.13974403,0.6580958,0.80778426,0.6782078,Beginner
0.6341872,0.59427166,0.64770806,0.7699371,0.52498156,0.40065435,0.415885,0.0997887,0.32719168,0.3194685,0.4574324,0.2694772,0.4670237,Intermediate
0.89215416,0.7673195,0.7421431,0.747521,0.13340184,0.026855117,0.05,0.053666595,0.06055085,0.8012474,0.09330546,0.08316157,0.0,Placement-Ready
0.7772336,0.6233957,0.4766279,0.6719747,0.54329884,0.49979722,0.34219366,0.06954594,0.3826884,0.29918826,0.5041166,0.72066164,0.56491804,Intermediate
0.87856936,0.8923173,0.86740005,0.77650446,0.24726294,0.11834123,0.05,0.0318909,0.024336293,0.72310877,0.08778654,0.1931234,0.23516081,Placement-Ready
0.6538076,0.26517066,0.18031582,0.3214773,0.5625723,0.46467984,0.48051533,0.019818371,0.48918894,0.32719606,0.93015224,0.69244194,0.84076685,Beginner
0.9381982,0.64274675,0.5985597,0.38717705,0.42577645,0.3828645,0.15337417,0.0639552,0.044043723,0.3218222,0.44543448,0.34112486,0.5259963,Intermediate
0.4555977,0.33830822,0.15561925,0.112431966,0.8615327,1.0,0.8486469,0.016771393,0.7958371,0.23979267,0.81748503,0.78479266,0.6357964,Beginner
0.5249923,0.12446454,0.39746135,0.25688216,0.9526198,0.7527917,0.43529546,0.010659918,0.2181058,0.24439882,0.7790647,0.6212664,0.89032394,Beginner
0.6461651,0.64397967,0.65243524,0.2769002,0.44917798,0.31097195,0.29604223,0.029666424,0.47943914,0.57908374,0.36820227,0.56898385,0.48815694,Intermediate
0.68313444,0.27506304,0.12695658,0.20038915,0.7965261,0.9393382,0.5419092,0.019774316,0.885752,0.31220996,0.79271317,0.35550663,0.855299,Beginner
0.57542336,0.6271778,0.48092544,0.50731874,0.4689507,0.6254272,0.5161319,0.020111185,0.026868667,0.5307995,0.49325818,0.5720535,0.84095204,Intermediate
0.6317394,0.5053357,0.33087525,0.40014103,0.3678023,0.50014305,0.34817898,0.041819084,0.7403962,0.6281828,0.29640368,0.6212135,0.51307607,Intermediate
0.12159885,0.40971527,0.181693,0.14646691,0.8956885,0.6611981,0.8119873,0.016030187,0.7367139,0.09090909,0.9317916,0.6891876,0.75568676,Beginner
0.66991645,0.6973745,0.35941246,0.5922461,0.4249709,0.2902182,0.40871325,0.06900459,0.23182066,0.44007096,0.40731487,0.46200407,0.8102367,Intermediate
0.5668362,0.428888,0.13115302,0.41386276,0.7831749,0.7239858,0.7787184,0.0065127076,0.1672394,0.2458965,0.8022856,0.5959585,0.87470376,Beginner
0.40598658,0.33899456,0.22599101,0.10041256,0.54700655,0.6088256,0.7615479,0.023947999,0.7833135,0.27794793,0.73787767,0.38868764,0.74537355,Beginner
0.48841268,0.4988334,0.40243995,0.108877584,0.7413567,1.0,0.59188986,0.012966117,0.295774,0.19548078,1.0,0.84299386,0.7268019,Beginner
0.24750255,0.20420721,0.14074767,0.2155934,1.0,0.7316906,0.8365801,0.0151258325,0.8227725,0.09090909,0.7043313,0.8460703,0.7313917,Beginner
0.61813885,0.53955233,0.55059814,0.7232251,0.43477607,0.51302326,0.2430298,0.052432332,0.5479494,0.56755066,0.41244322,0.4103693,0.59920985,Intermediate
0.3971421,0.3010018,0.3276305,0.23699142,0.9978843,0.672735,0.7852964,0.012838326,0.9459771,0.09090909,0.57542133,0.92474335,0.7120082,Beginner
0.7947821,0.7708083,0.5813698,0.6528076,0.2923183,0.4906292,0.27752486,0.014590081,0.5136425,0.4761841,0.25246993,0.39330155,0.2977167,Intermediate
0.82515794,0.5743766,0.3265858,0.59883624,0.35425693,0.18490495,0.2797669,0.044644084,0.34597683,0.3325758,0.35840526,0.25243527,0.4758403,Intermediate
0.1684116,0.37820274,0.14707062,0.2476098,0.75448465,0.65575224,0.59790695,0.0016369495,0.8058361,0.09090909,0.8309647,0.6010196,0.65948904,Beginner
0.9865918,0.8741135,0.8778035,0.8252249,0.18403311,0.04143153,0.089948714,0.09286897,0.0053504743,0.85747296,0.006448174,0.2781705,0.41272667,Placement-Ready
0.8636079,0.7417899,0.7930885,0.78095955,0.15949717,0.11719004,0.05,0.11355103,0.06464864,0.7928775,0.07762581,0.17339349,0.20836803,Placement-Ready
0.29185593,0.18902792,0.2010723,0.1938193,0.9453626,0.8523112,0.5552978,0.036466174,0.55264777,0.1724076,0.5583873,0.63791895,0.83568805,Beginner
0.87476087,0.90852594,0.7011829,0.7535367,0.14638886,0.11118699,0.06620939,0.12713766,0.02523929,0.95595455,0.108983144,0.028191766,0.310118,Placement-Ready
0.42098713,0.3394129,0.25231814,0.16665196,0.5289413,0.6373972,0.59632874,0.005634378,0.3427833,0.113799065,0.90535986,0.7622294,0.82056916,Beginner
0.60456204,0.6615538,0.6442678,0.62135565,0.37733555,0.28537175,0.36135998,0.09471245,0.32025835,0.5826404,0.34120443,0.56332576,0.42531797,Intermediate
0.40987185,0.28003952,0.22502668,0.19674118,0.55699855,0.5497514,0.59212375,0.018625367,0.9364568,0.16510631,0.64246887,0.5941236,0.6744302,Beginner
0.82873154,0.7627417,0.6960716,0.8837826,0.20955253,0.16763152,0.069288276,0.1660969,0.052353133,0.89087254,0.12850204,0.19656377,0.230844,Placement-Ready
0.7564514,0.6895075,0.5409781,0.7616271,0.3135054,0.3450436,0.35659933,0.013516211,0.4546124,0.59865856,0.33765364,0.42523068,0.502907,Intermediate
0.46048892,0.27077404,0.18246807,0.32735538,0.6855727,0.7388048,0.83227974,0.0042910376,0.6737202,0.21052048,0.7353995,0.57443154,0.9457756,Beginner
0.6643073,0.5062134,0.4439028,0.54531425,0.21096583,0.2620496,0.21277815,0.03421447,0.24861683,0.5457356,0.3949783,0.676703,0.37381464,Intermediate
0.17477979,0.31708655,0.20528133,0.25221208,0.84380394,0.63903606,0.44433907,0.0622951,0.40432546,0.21893206,0.49461246,0.8043733,0.8567117,Beginner
0.7883259,0.6842717,0.6064767,0.58928365,0.48892635,0.7619082,0.42123047,0.037862554,0.0823344,0.39916116,0.18636207,0.5177021,0.42282096,Intermediate
0.94553995,0.7497199,0.85047865,0.92053807,0.041666668,0.013776462,0.059835833,0.15953705,0.07189927,0.77955246,0.1774751,0.09399438,0.1364753,Placement-Ready
0.8563101,0.9105015,0.68327016,0.87877536,0.23283856,0.022609983,0.060506005,0.03516954,0.088631146,0.8573381,0.060749248,0.04746641,0.21326058,Placement-Ready
0.681354,0.56855744,0.44641808,0.42145196,0.49865142,0.39805597,0.27149844,0.03127784,0.08047453,0.58581096,0.30504468,0.5860852,0.54211,Intermediate
0.90832174,0.8957276,0.8183057,0.8123157,0.26013184,0.09209997,0.06537999,0.25199354,0.04418933,0.8868131,0.090526424,0.13960843,0.26486647,Placement-Ready
0.54085404,0.28398672,0.2737072,0.2755836,0.6788713,0.6721419,0.44079483,0.019802798,0.60426235,0.3546537,0.7409009,0.54373896,0.61835426,Beginner
0.42183143,0.28748256,0.28775057,0.2361731,0.7339252,0.80113626,0.7752338,0.005465656,0.5877849,0.09090909,0.37529084,0.68006897,0.87306863,Beginner
0.3919986,0.32617304,0.11420764,0.28822076,1.0,0.41967863,0.3662705,0.057311233,0.70837855,0.262762,0.8714902,0.39624473,0.7190785,Beginner
0.84950244,0.60776895,0.5371005,0.6116671,0.45760036,0.651631,0.2061931,0.04651174,0.29711473,0.13880292,0.23341118,0.3765229,0.9957154,Intermediate
0.90348244,0.84708506,0.9068836,0.854126,0.21328355,0.04027694,0.0679846,0.18689704,0.056816373,0.8895872,0.14006671,0.28041574,0.10441736,Placement-Ready
0.5274628,0.3461078,0.24005026,0.34702852,0.75201327,0.60386944,0.47947514,0.01097356,0.38815767,0.1363399,0.6725825,0.9686834,0.4671422,Beginner
0.8115653,0.9046565,0.8223751,1.0,0.28850907,0.032124706,0.105921485,0.115510985,0.06522283,1.0,0.034507055,0.15447521,0.02525889,Placement-Ready
0.83233297,0.6627552,0.3414694,0.64556664,0.47801962,0.46670157,0.1832695,0.05862147,0.0,0.66371655,0.48372975,0.58341014,0.78689015,Intermediate
0.5920526,0.5185083,0.44808367,0.6273573,0.43582997,0.25353464,0.13327906,0.05548676,0.272721,0.7487112,0.30439243,0.7221379,0.42444247,Intermediate
0.7093459,0.6592044,0.41621247,0.73302966,0.28141478,0.5048138,0.33206075,0.027963454,0.59750605,0.4861175,0.3784671,0.22093189,0.9176595,Intermediate
0.23315062,0.052249387,0.13691673,0.38353577,0.73124164,0.69460064,0.7311109,0.025800018,0.8650009,0.09342409,0.4586144,1.0,1.0,Beginner
0.17983818,0.23418233,0.28079495,0.34157202,0.7216993,0.6853089,0.5935037,0.07577624,0.6327267,0.17908716,0.49886593,0.6188658,0.79728824,Beginner
0.11254541,0.25976172,0.28071555,0.28200397,0.7335793,0.55538404,0.6687736,0.0028351143,0.6531865,0.19462888,0.77265495,0.55395216,1.0,Beginner
0.917583,0.7816554,0.87025094,0.93366426,0.21946017,0.082654506,0.098436184,0.11789847,0.013775557,0.97182816,0.09905256,0.09527539,0.17822577,Placement-Ready
1.0,0.83919394,0.87013215,0.8386072,0.3022345,0.11887506,0.07259569,0.07234935,0.06031066,0.7891566,0.10646,0.20271742,0.3240361,Placement-Ready
0.792652,0.7152649,0.6644152,0.6440963,0.29726866,0.35915408,0.08489466,0.05841255,0.27461794,0.44901967,0.44448012,0.3814509,0.56218153,Intermediate
0.8668789,0.8171646,0.89473623,0.8846688,0.17819622,0.12589984,0.0726165,0.092345655,0.0,0.95352954,0.0,0.029309401,0.27046084,Placement-Ready
0.92132413,0.90410215,0.6615786,0.8495571,0.2340442,0.0,0.073390186,0.071550354,0.017921655,0.6359059,0.16356404,0.12153367,0.13928081,Placement-Ready
0.28941604,0.30223393,0.35548377,0.2681689,0.7477639,0.62727594,0.77970237,0.0041712373,0.96927917,0.35757816,0.78851265,0.64827275,0.9236792,Beginner
0.9013916,0.95823276,0.7379142,0.8661405,0.1114105,0.10043195,0.073864356,0.12513407,0.092331424,0.801296,0.16405275,0.08923103,0.35660535,Placement-Ready
0.53855795,0.2811964,0.23277284,0.23416269,0.87793285,0.63534176,0.34731936,0.0027426118,0.49684653,0.13415013,1.0,0.83826584,0.8824051,Beginner
0.34763125,0.22692832,0.19946764,0.18929164,0.98352927,0.63142437,0.94291085,0.02032278,0.5051106,0.21089196,0.82790196,0.77624106,0.91285604,Beginner
0.88677543,0.9150628,0.8076253,0.77312165,0.12562934,0.0889296,0.09768645,0.21235499,0.0,0.86596906,0.10937886,0.17365353,0.32093272,Placement-Ready
0.9293727,0.829098,0.682274,1.0,0.12189826,0.1327695,0.05576715,0.13820516,0.004890952,0.75097233,0.111332156,0.18242325,0.33446494,Placement-Ready
0.9784433,0.8167657,0.77340424,0.949587,0.21383432,0.0,0.052670635,0.08899217,0.029215783,0.8972577,0.19311343,0.14336216,0.2859517,Placement-Ready
0.55254215,0.28089723,0.41300923,0.3441525,0.7887776,0.6805664,0.6044932,0.015455773,0.36383745,0.28312016,0.8573072,0.75772786,0.8526171,Beginner
0.71223265,0.7627862,0.540279,0.4799499,0.547653,0.48820576,0.32676277,0.06554569,0.13104445,0.5428825,0.46615565,0.37796974,0.31070793,Intermediate
0.22295791,0.37933952,0.19113868,0.32426617,0.9604147,0.76106393,0.59584045,0.01436462,0.6618167,0.27284026,0.86906993,0.7708741,0.8052831,Beginner
0.807736,0.46785578,0.7316085,0.53662425,0.36205208,0.40922582,0.18029211,0.047729775,0.18935606,0.35894588,0.3584263,0.3147652,0.48477086,Intermediate
0.90093505,0.8493863,0.87083286,0.84202486,0.20650102,0.01983741,0.08965556,0.17030656,0.01432077,0.7336855,0.052950595,0.07014718,0.27988935,Placement-Ready
0.32032195,0.3294082,0.23306677,0.42540604,0.9373785,0.5257112,0.36248937,0.015717067,0.58713245,0.14043893,0.90234417,0.6781189,0.80629486,Beginner
0.84448504,0.6779578,0.70703536,0.31676224,0.44612283,0.30268478,0.4256378,0.08320874,0.30492538,0.66394967,0.5139737,0.461161,0.9707901,Intermediate
0.6589271,0.5327726,0.49969482,0.60601383,0.30195472,0.38792184,0.28516376,0.0127084525,0.3940543,0.4545903,0.0,0.30592448,0.81486106,Intermediate
0.19643013,0.051254325,0.18334216,0.44970304,0.7202573,0.64640814,0.54344815,0.0017460523,0.25904486,0.2775043,0.47355947,0.6870907,0.90638953,Beginner
0.7400432,0.48184508,0.32659397,0.8272992,0.34709755,0.35213947,0.1387236,0.07010059,0.18276602,0.38755503,0.33594245,0.2903931,0.5732127,Intermediate
0.96446025,0.82283974,0.6770326,0.8859474,0.2550141,0.04733147,0.093057655,0.0935661,0.08227427,0.66055876,0.17135839,0.06277811,0.23689432,Placement-Ready
0.6455427,0.66930866,0.45049766,0.67874104,0.42156628,0.44535246,0.37409657,0.056324888,0.5308271,0.5788085,0.2371857,0.6439722,0.6395799,Intermediate
0.879493,0.75803393,0.7865692,0.9298323,0.14195387,0.112456985,0.06841706,0.03083983,0.0744644,0.6915285,0.06851902,0.22896457,0.20151956,Placement-Ready
0.8776121,0.8484793,0.7948601,0.79203826,0.21887454,0.02248147,0.087333485,0.15132593,0.043349046,0.7641041,0.08040431,0.06741194,0.20880081,Placement-Ready
0.38358402,0.39165682,0.38458174,0.14514464,0.9360687,0.59370095,0.6265576,0.023353526,0.4959122,0.18048306,0.47977456,0.5503693,0.57124734,Beginner
0.4637569,0.34573242,0.3878577,0.23343012,0.88033706,0.7039543,0.9884491,0.081988774,0.6189242,0.09090909,0.37401426,0.6946193,0.81673974,Beginner
0.83938587,0.7086639,0.59624374,0.732452,0.4489895,0.32836977,0.34123865,0.06850641,0.29882762,0.29093552,0.08579166,0.5763596,0.67180115,Intermediate
0.58696896,0.35633355,0.18521386,0.27863201,0.6306928,0.7097765,0.79993784,0.01726422,0.72416836,0.2079527,0.7739769,0.45994145,0.77526975,Beginner
0.12889601,0.2933109,0.33637252,0.16200776,0.7452415,0.58732456,0.49588117,0.0,0.5228631,0.17710283,0.72955036,0.972433,1.0,Beginner
0.6752607,0.67769206,0.47818863,0.8128188,0.47422886,0.5668335,0.19155902,0.07250709,0.2531134,0.4695502,0.49620572,0.29358375,0.63048714,Intermediate
0.9054255,0.8201654,0.66431177,0.84352595,0.19529921,0.0,0.10202818,0.14521234,0.0075843553,0.85496134,0.1302157,0.25957128,0.37869522,Placement-Ready
0.72756636,0.6002933,0.4203033,0.61655,0.37565774,0.43398285,0.151479,0.05930362,0.32533544,0.4732095,0.3467251,0.41435987,1.0,Intermediate
0.2882976,0.38761738,0.16324551,0.32735145,0.7342988,0.4236055,0.48593718,0.0012676037,0.6067805,0.09090909,0.8888963,0.6363386,0.7786885,Beginner
0.71244377,0.6296691,0.5247396,0.5017122,0.38627088,0.3529846,0.24924353,0.06999489,0.5640942,0.33994073,0.25296077,0.32624823,0.6280652,Intermediate
0.51924825,0.44844592,0.114818126,0.39379314,0.7889867,0.7108354,0.61389834,0.013774563,0.40887237,0.15814368,0.80558974,0.67653286,0.8419071,Beginner
0.4313377,0.26705107,0.35398877,0.21702373,0.46148014,0.42016667,0.6068059,0.016003596,0.67509115,0.19705182,0.92433894,0.56906134,0.9073893,Beginner
0.81780684,0.6071949,0.33109483,0.8206922,0.5263028,0.40821493,0.3007513,0.057992287,0.50764674,0.3838,0.3878721,0.6116125,0.7822989,Intermediate
0.7208205,0.48044854,0.7043369,0.57450604,0.4505993,0.4260112,0.2917422,0.041786104,0.34961444,0.434195,0.34345257,0.42214093,0.55649376,Intermediate
0.56407857,0.34283128,0.29193085,0.3582963,0.8238343,0.8301457,0.47013375,0.011642102,0.50657934,0.11511018,0.7554095,0.70212954,0.93962103,Beginner
0.47357944,0.22119524,0.27255434,0.42205995,0.58507234,0.6684997,0.8284415,0.020470504,0.5657009,0.1150299,0.89339036,0.82753235,0.6602404,Beginner
0.3089043,0.21903965,0.25392488,0.19313928,0.7894988,0.80194265,0.60128444,0.0073721707,0.57807803,0.17378518,0.69449836,0.6111806,0.9918377,Beginner
1.0,0.71462595,0.66046804,0.98235935,0.2709464,0.1251929,0.05,0.20597132,0.07248913,0.923175,0.106770255,0.029441025,0.100183904,Placement-Ready
0.6927135,0.11538121,0.14563914,0.07041649,0.6941631,0.7074843,0.31007096,0.003381974,0.39920852,0.20066066,0.76040167,0.54173934,0.8212185,Beginner
0.7456313,0.6741427,0.43941218,0.39491433,0.37354308,0.0,0.23216356,0.021956371,0.76698774,0.598913,0.30866393,0.6498615,0.7057553,Intermediate
0.49877593,0.31239069,0.2691969,0.39442936,0.568274,0.6831007,0.6893407,0.015784035,0.6013097,0.23112945,0.62865543,0.8836858,0.91911536,Beginner
0.35304403,0.31053755,0.11327796,0.17783588,0.83963394,0.48105094,0.688095,0.010797498,0.710498,0.20217401,0.9546211,0.66878366,0.7484713,Beginner
0.6950826,0.63599885,0.59149265,0.5450777,0.4227289,0.12457242,0.16108893,0.012453382,0.40878597,0.26863497,0.46940064,0.50340337,0.7439115,Intermediate
0.61364317,0.51916367,0.6952274,0.7836534,0.3551525,0.3833285,0.38633057,0.06617136,0.27198318,0.35095558,0.19904475,0.5930032,0.5449496,Intermediate
0.95036364,0.39928135,0.29469407,0.34375814,0.5756493,0.45318002,0.15480712,0.06641583,0.21704325,0.4955113,0.3247153,0.7116252,0.8722389,Intermediate
0.40427366,0.073050216,0.20325467,0.14167736,0.8425433,0.47154292,0.49753654,0.09067984,0.46473336,0.09090909,0.78862995,0.56202066,0.77769375,Beginner
0.6301097,0.52008283,0.56525135,0.6417119,0.35413677,0.6702728,0.07532706,0.050589893,0.26721296,0.37944987,0.21628046,0.448956,0.5661708,Intermediate
0.8782265,0.8910306,0.6679746,0.90651745,0.117608644,0.09490086,0.102860995,0.039511118,0.062087484,0.84677446,0.02135314,0.05200298,0.1492466,Placement-Ready
0.44178602,0.38199252,0.24594721,0.18607295,0.91761625,0.5163724,0.41986573,0.003033972,0.8160112,0.26752624,0.8230958,0.81078947,0.6944861,Beginner
0.7744811,0.508302,0.4031769,0.55898124,0.30652767,0.48644075,0.20265438,0.025629383,0.11847272,0.54964453,0.0,0.29834417,0.8104357,Intermediate
0.42444083,0.3395914,0.21062624,0.4388976,0.73978055,0.5943929,0.77915925,0.018563962,0.6337303,0.24330519,0.7443469,0.68507975,0.9397989,Beginner
0.8939282,0.86323696,0.7345484,0.7941575,0.21955375,0.09271826,0.05,0.035449788,0.14409009,0.7525019,0.11166179,0.27085543,0.23475976,Placement-Ready
0.6684099,0.29423812,0.23608792,0.37607852,0.95749557,0.89805454,0.72774607,0.0015643432,0.9266863,0.09090909,0.7953953,0.5368586,0.7923034,Beginner
0.7207766,0.6685613,0.52333874,0.53655994,0.5245618,0.44995967,0.08107591,0.030260421,0.12539926,0.4380239,0.41386384,0.3931131,0.56203175,Intermediate
0.2777136,0.34753656,0.27059633,0.19309862,0.6759009,0.9614281,0.64549917,0.016186036,0.43558478,0.09090909,0.66458255,0.6313968,0.6722936,Beginner
0.9698421,0.8463372,0.84212387,0.92660177,0.2597991,0.039530378,0.06492381,0.12557878,0.08548136,0.8397152,0.11148991,0.119250506,0.14941587,Placement-Ready
0.6434133,0.5842037,0.5968992,0.56702787,0.62867975,0.38188833,0.15450467,0.056387983,0.53082186,0.34330547,0.19864543,0.4219777,0.5031134,Intermediate
0.6528155,0.52899736,0.5673966,0.54793453,0.33000192,0.49810627,0.17230088,0.008108592,0.31080762,0.64195156,0.3231341,0.52924323,0.55535364,Intermediate
0.5442106,0.37653902,0.20465428,0.10370625,0.80932486,0.86738604,0.73127216,0.017812114,0.5144489,0.15767756,0.8225138,0.5680239,0.73811394,Beginner
0.45045176,0.3311015,0.13963929,0.2630078,0.60228795,0.47255805,0.74721575,0.019400377,0.4738358,0.09090909,0.41874418,0.92630005,0.8133669,Beginner
0.4420336,0.27784866,0.21821597,0.16733374,0.8223805,0.8348817,0.27682266,0.09222544,0.786487,0.14408179,0.8551051,1.0,0.78747886,Beginner
0.36522362,0.360258,0.18434797,0.49645823,0.6697848,1.0,0.6069776,0.0,0.87361586,0.19326377,0.8776686,0.8335784,0.84055465,Beginner
0.70438045,0.5883292,0.32081586,0.68084365,0.37240368,0.5214561,0.27810723,0.009602847,0.30873665,0.63295525,0.2821015,0.2947792,0.36170337,Intermediate
0.9004219,0.8061369,0.73281956,0.793819,0.20469527,0.16094866,0.07349317,0.07948213,0.060405336,0.88267946,0.06867513,0.29872918,0.2444127,Placement-Ready
0.85725427,0.99826473,0.81414056,0.8418869,0.17055686,0.0,0.06785691,0.1088871,0.0181913,0.89925385,0.08787856,0.21289508,0.17564352,Placement-Ready
0.874852,0.85937357,0.7146237,0.71518445,0.18954113,0.08840167,0.08817799,0.103092015,0.0,0.7758796,0.14333802,0.0966711,0.1757919,Placement-Ready
0.55248886,0.17068584,0.26579124,0.3040724,0.5111942,0.54573244,0.5433722,0.008486085,0.35810462,0.21717988,0.78772104,0.6208596,0.70930505,Beginner
0.30829176,0.17986967,0.27535048,0.41018838,0.88612914,0.8807117,1.0,0.01890488,0.6661147,0.33035892,1.0,0.91531575,0.7409428,Beginner
0.2979639,0.3588501,0.2733498,0.20955311,0.81235415,0.79807526,0.6852206,0.011292718,0.8865172,0.23478916,0.68239814,0.58329964,0.73302966,Beginner
0.5579411,0.57015264,0.66389006,0.44207016,0.40910184,0.47402647,0.099352986,0.03465961,0.32852447,0.5163619,0.20132422,0.7260851,0.67214155,Intermediate
0.8566158,0.88798714,0.87009263,0.882123,0.26399705,0.02956636,0.056283485,0.15331735,0.07861177,0.86502653,0.07851082,0.06470901,0.0,Placement-Ready
0.36879358,0.2470668,0.098842375,0.28859118,1.0,0.72276026,0.64505285,0.016652515,0.3461339,0.33659223,0.7803493,0.89477855,0.712036,Beginner
0.16563495,0.34968737,0.30558172,0.1060363,0.4442451,0.84870213,0.43436074,0.0,0.62901276,0.25392506,0.7316914,0.5813227,0.7808765,Beginner
0.16299723,0.06283406,0.38336557,0.2854336,0.6751918,0.7435692,0.635238,0.0054779556,0.63958335,0.12659343,0.6893457,0.5470581,0.6280795,Beginner
0.63282865,0.45378006,0.448389,0.64226127,0.4221598,0.5375423,0.26078996,0.04892621,0.13926315,0.42408586,0.29765815,0.1417868,0.4664671,Intermediate
0.24362601,0.3622932,0.3648262,0.32907224,0.9543908,0.77200466,0.4629768,0.016315434,0.5828784,0.21609399,0.6080955,0.7199669,0.78553903,Beginner
0.857172,0.7321423,0.8290165,0.902314,0.14117078,0.10123383,0.05217136,0.15972391,0.07991104,0.9174312,0.10013214,0.12647022,0.19883063,Placement-Ready
0.37518936,0.069730304,0.18440434,0.14502156,0.45021063,0.76273346,0.64141876,0.02034789,0.37583554,0.09090909,0.68899155,0.6367486,0.910562,Beginner
0.4396057,0.28617358,0.2718151,0.43276358,0.75654364,0.6848795,0.9158426,0.017266586,0.5061051,0.23114182,0.68048733,0.58014053,0.82903546,Beginner
0.49802053,0.302451,0.25983986,0.42413723,0.9355573,1.0,0.4465305,0.018128663,0.6366684,0.38089117,0.6287553,0.5240417,0.7280729,Beginner
0.37663788,0.4207003,0.19177328,0.39529806,0.79410696,0.79936725,0.9247887,0.009584264,0.80893326,0.1260365,0.7841309,0.43330112,0.7394816,Beginner
0.7550813,0.5998054,0.36999694,0.61668414,0.45514366,0.48887318,0.28492928,0.043372817,0.44910032,0.4635248,0.24420924,0.422902,0.33810464,Intermediate
0.6947275,0.4726036,0.5455171,0.5375269,0.45548823,0.47699052,0.38190755,0.02605616,0.6207551,0.5766301,0.3857101,0.7374613,0.64767563,Intermediate
0.8851729,0.8652031,0.69757855,0.8631909,0.26770744,0.18474174,0.05,0.08965803,0.0,0.88482004,0.096941225,0.22899956,0.26413134,Placement-Ready
0.87644154,0.96106076,0.71454304,0.97061396,0.1882299,0.13164379,0.05,0.03953461,0.06290016,0.77146614,0.1597393,0.17912039,0.15558231,Placement-Ready
0.65779054,0.35375854,0.26424015,0.5199325,0.6555246,0.8952253,0.6744549,0.0,0.49043694,0.20568436,0.49434498,0.3389141,0.5886509,Beginner
0.648117,0.53664315,0.5677474,0.52314734,0.4133732,0.09510332,0.19702062,0.0469241,0.44517183,0.328774,0.12170001,0.5167083,0.5903915,Intermediate
0.9560064,0.8274047,0.7744693,0.9034911,0.1732716,0.06204038,0.05611648,0.09340186,0.18344414,0.84579986,0.1619035,0.28471947,0.20164177,Placement-Ready
0.79870754,0.4601687,0.4993631,0.46723777,0.44139957,0.37541315,0.16170216,0.08645419,0.30860955,0.39781278,0.26962322,0.6928002,0.7366912,Intermediate
0.55175596,0.3511924,0.20653534,0.3971686,0.9652311,0.89642626,0.2532033,0.012658006,0.7517877,0.2165035,0.84548944,0.6587527,0.7106259,Beginner
0.7886027,0.6494205,0.4085122,0.37523207,0.42122436,0.43035448,0.40038615,0.012135633,0.3177327,0.5795593,0.24957049,0.21050103,0.4612816,Intermediate
0.60992616,0.83041793,0.5178309,0.68649733,0.13561745,0.43616882,0.21391898,0.01880427,0.39881414,0.3973121,0.4895783,0.7007443,0.82585335,Intermediate
0.63175315,0.6814553,0.50217444,0.5692673,0.14971925,0.34602678,0.14233917,0.037864406,0.335442,0.3708848,0.24293502,0.46448657,0.524023,Intermediate
0.3497541,0.2620206,0.1826756,0.0,0.64663446,0.8972345,0.4921204,0.0,0.39840114,0.21453218,0.8010052,0.6058579,0.7172955,Beginner
0.71079797,0.66707534,0.4755107,0.5824831,0.38682997,0.29127675,0.3689173,0.0066454425,0.6541323,0.5741857,0.086642936,0.41637504,0.5747181,Intermediate
0.77345294,0.7855042,0.2651521,0.4123534,0.4020003,0.37570164,0.36709327,0.022373809,0.21930672,0.16167682,0.46499804,0.4875817,0.53048503,Intermediate
0.6445423,0.75837004,0.6896591,0.28863004,0.4765426,0.35074928,0.2350645,0.07485203,0.24777362,0.38473403,0.26141608,0.3976346,0.65210354,Intermediate
0.56539816,0.09657511,0.120620064,0.31168577,1.0,0.5488146,0.52244765,0.014258609,0.3095003,0.22924466,0.3486473,0.72383595,0.6805898,Beginner
0.43479198,0.32115647,0.37740326,0.21459672,0.97265476,0.6270545,0.42373708,0.102664866,0.70800483,0.23341031,0.8392842,0.86109495,0.8489372,Beginner
0.7098887,0.6898049,0.6413782,0.5807884,0.43108454,0.12655468,0.19230147,0.07293488,0.28996885,0.30115294,0.21789497,0.34615764,0.59416157,Intermediate
0.35727036,0.14597523,0.3786709,0.3159077,1.0,0.5992336,0.79157645,0.017363895,0.54188496,0.31009555,0.6891885,0.59586626,0.38342842,Beginner
0.40062934,0.7584871,0.3847033,0.48002303,0.5065964,0.38267484,0.25375667,0.022955146,0.15149795,0.3420322,0.30557534,0.46168286,0.8316139,Intermediate
0.5263958,0.78528345,0.33147666,0.50244194,0.29280403,0.35096815,0.23953533,0.05690185,0.1835185,0.55632657,0.33183935,0.3989407,0.4931939,Intermediate
0.94185686,0.8345456,0.8685125,0.83087355,0.06929642,0.093523555,0.05,0.059865817,0.0058526737,0.7720264,0.047296952,0.06663457,0.079404734,Placement-Ready
0.3886876,0.4494142,0.23611157,0.22682138,0.49490893,0.7239278,0.61425745,0.016210604,0.45830238,0.14226794,0.5282997,0.30630606,0.6669803,Beginner
0.62636703,0.29214117,0.31586948,0.25172037,0.7284293,0.8767584,0.624158,0.004794334,0.8309995,0.19942379,0.75043887,0.6766863,0.6715198,Beginner
0.8655148,0.79158217,0.89754754,0.85982656,0.10307015,0.06103622,0.08139147,0.099637076,0.0,0.844761,0.016127994,0.20081048,0.025619516,Placement-Ready
0.6911845,0.7977645,0.6251447,0.6488898,0.59581316,0.4534717,0.051347286,0.06756528,0.06119873,0.51618254,0.09435077,0.37997168,0.5454323,Intermediate
0.8404512,0.7864746,0.4323761,0.5013899,0.41748622,0.7591578,0.19694354,0.08948683,0.0,0.5325435,0.3776718,0.5060379,0.66585964,Intermediate
0.74056643,0.6596467,0.635364,0.5866242,0.34040925,0.33039558,0.05,0.042011485,0.13273728,0.35913977,0.16011801,0.2578534,0.44938314,Intermediate
0.6101126,0.32461765,0.45722747,0.47601154,0.43490124,0.8728586,0.3195166,0.015778137,0.38531545,0.36865187,0.34174994,0.7170958,0.8744344,Intermediate
0.36981323,0.17566761,0.14308093,0.34970227,1.0,0.89629245,0.6464312,0.001070143,0.59872967,0.32384136,0.84277326,0.61887836,0.87543505,Beginner
0.37001938,0.4377335,0.044641707,0.07933186,0.8939118,0.72211623,0.7211027,0.011488281,0.7141891,0.10778156,0.8355729,0.79916215,0.9464661,Beginner
0.45275888,0.29785985,0.21861759,0.13503738,0.9293581,0.71227056,0.43818545,0.01576771,0.722324,0.11669564,0.93500876,0.9864866,0.66919637,Beginner
0.96213114,0.72880787,0.6714173,0.9295334,0.12677582,0.10387067,0.06763031,0.1721545,0.038461715,1.0,0.19388703,0.12478319,0.17478654,Placement-Ready
0.88104165,0.84477276,0.6695775,0.8288948,0.24893881,0.027796872,0.05,0.16751611,0.001052997,0.70909256,0.023285642,0.16777752,0.2586842,Placement-Ready
0.3858632,0.30405918,0.16384067,0.1704519,0.5812759,0.98243654,0.35122734,0.005263793,0.45631856,0.26317495,0.70575756,0.8371613,0.7191811,Beginner
0.5031305,0.23294568,0.2078882,0.0,0.82532966,0.7724423,0.62669986,0.06600688,0.34687272,0.11380991,0.79374886,0.69340086,0.77957314,Beginner
0.91071534,0.8642719,0.79087156,0.92024547,0.17460771,0.136972,0.082798444,0.13671267,0.034598105,0.83648294,0.09914117,0.23104827,0.27043992,Placement-Ready
0.69002396,0.6196579,0.27805698,0.7563824,0.26823986,0.35166615,0.24950986,0.028227177,0.5773807,0.36022344,0.26762483,0.34657526,0.49530125,Intermediate
0.6091933,0.64608663,0.61598647,0.6649214,0.45065343,0.28122896,0.26739234,0.030720487,0.30261433,0.4996632,0.50145406,0.25354022,0.67222613,Intermediate
0.63257384,0.25995126,0.120104924,0.19082521,0.7952827,0.67687637,0.76364535,0.012154965,1.0,0.22038642,0.48967686,0.6180676,0.78485024,Beginner
0.15349618,0.24035825,0.37606815,0.28253284,0.9326036,0.5849919,0.28531006,0.000922651,0.5805738,0.09090909,0.5990114,0.5620459,0.64148897,Beginner
0.74405074,0.60446584,0.5169648,0.48575056,0.2536564,0.46448705,0.31063002,0.077734545,0.3072772,0.4251272,0.13082245,0.4440714,0.6540297,Intermediate
0.62585217,0.7331678,0.41389334,0.6068616,0.54259104,0.57992023,0.285891,0.10077849,0.39139277,0.59673816,0.30533376,0.3328537,0.46871862,Intermediate
0.04792095,0.27389914,0.2207541,0.28635663,0.7032926,0.74889284,0.5712,0.01018406,0.6362922,0.09090909,0.75593543,0.67451715,0.81546193,Beginner
1.0,0.9280958,0.80207616,0.87889534,0.14715399,0.18448971,0.05492825,0.048592977,0.07038228,0.700722,0.08705358,0.28077054,0.26150867,Placement-Ready
0.8482833,0.64940166,0.3396214,0.45464003,0.4454876,0.37835914,0.2939843,0.086058594,0.4089054,0.62621176,0.31136176,0.32891765,0.5913201,Intermediate
0.46845555,0.71928513,0.7371331,0.78733313,0.2734179,0.100445546,0.18575148,0.06858503,0.4805683,0.54515904,0.36336064,0.80415076,0.5282934,Intermediate
0.2918227,0.16007717,0.04776692,0.24630561,0.70737714,0.5056643,0.83784527,0.016443111,0.5943564,0.30584785,0.84938043,0.52657163,0.67529356,Beginner
0.6569228,0.5851534,0.29038817,0.57492787,0.38138518,0.19270049,0.32854825,0.035025705,0.28499582,0.6563886,0.3610516,0.2057619,0.33457348,Intermediate
0.9274988,0.65878576,0.3506059,0.7003372,0.568587,0.33058384,0.113596685,0.057166785,0.5825716,0.3895033,0.38242164,0.5543619,0.6287163,Intermediate
0.3911523,0.32872725,0.29549724,0.17820647,0.66135156,0.81201905,0.59349924,0.017784916,0.41884056,0.09090909,0.67004937,0.5350471,0.7905454,Beginner
0.90338975,1.0,0.6549007,0.86303693,0.11482941,0.13279076,0.05,0.06572442,0.018340653,0.8878029,0.044271715,0.1031647,0.20191096,Placement-Ready
0.7196242,0.52998537,0.46751308,0.4873345,0.54286945,0.49705383,0.25377482,0.036993977,0.1815343,0.4712466,0.52118516,0.4508896,0.78028804,Intermediate
0.8045803,0.6269781,0.5569554,0.5484581,0.5473738,0.007075015,0.36200565,0.06665542,0.3685156,0.09090909,0.45406666,0.29603487,0.5238462,Intermediate
0.8199538,0.70458436,0.52336913,0.784159,0.48729858,0.31427282,0.111965165,0.040218875,0.3620023,0.5359819,0.46309653,0.2858181,0.5341267,Intermediate
0.13400705,0.342549,0.31577975,0.08539916,0.6852505,0.6767177,0.4432493,0.025218656,0.42864558,0.13131393,0.78065836,0.46967757,0.7525183,Beginner
0.5135487,0.3195025,0.15933743,0.11432616,0.88507336,0.81442946,0.43913686,0.073165976,0.47368446,0.20483321,0.8730516,0.64495814,0.8545689,Beginner
1.0,0.76356435,0.6419265,0.7053056,0.062024027,0.12039019,0.088784195,0.19106843,0.0,0.9314056,0.08340944,0.16332692,0.2825623,Placement-Ready
0.52779764,0.61162525,0.68671423,0.4502633,0.45387772,0.08587238,0.2860961,0.016652744,0.3212557,0.3634321,0.44790435,0.50233227,0.6230392,Intermediate
0.9240229,0.7736937,0.8871205,0.82886654,0.14353117,0.10008464,0.122423224,0.12631352,0.05085008,0.72435015,0.08646515,0.20323849,0.21123555,Placement-Ready
0.866193,0.6356757,0.44436842,0.5249251,0.4628631,0.5057702,0.32142994,0.013756918,0.08492045,0.3605592,0.33209848,0.53387994,0.44188696,Intermediate
0.64611894,0.7384696,0.48163116,0.44390467,0.3537884,0.38815033,0.11637304,0.016050853,0.43013692,0.64956903,0.34705538,0.13594538,0.83030003,Intermediate
0.85928524,0.6370566,0.6832354,0.4736836,0.450386,0.39277938,0.33176863,0.044190872,0.3709823,0.6048448,0.22185884,0.48633665,0.31682065,Intermediate
0.7693496,0.50195014,0.3984753,0.47135967,0.2544711,0.5105267,0.19801748,0.05344526,0.07378862,0.3533719,0.39073056,0.8380907,0.3035676,Intermediate
0.055473004,0.23701155,0.1809381,0.32599923,0.7950613,0.5091655,0.40300137,0.01259189,0.58418655,0.12917054,0.6778749,0.7544252,0.7378769,Beginner
0.76292384,0.51545453,0.40039378,0.6409932,0.53438216,0.40425184,0.088415585,0.064327344,0.21111026,0.60737616,0.25444156,0.6215918,0.5373286,Intermediate
0.3388325,0.3129368,0.029540872,0.030438183,0.8840617,0.8755772,0.41790265,0.008953191,0.65894383,0.24483797,0.4458484,0.51709396,0.7600905,Beginner
0.31681338,0.16776526,0.25272518,0.32999533,0.58917785,0.65172017,0.3305492,0.059716478,0.7102034,0.115137994,0.7048761,0.40590325,0.82243884,Beginner
0.6821088,0.6431058,0.48708722,0.5411341,0.5788866,0.14202085,0.09340312,0.06644423,0.11703966,0.18133676,0.42171204,0.6390104,0.40379465,Intermediate
0.8562737,0.8887413,0.6693431,0.8606984,0.25554729,0.10312818,0.083387166,0.03188294,0.008904361,1.0,0.044050284,0.2511581,0.1589159,Placement-Ready
0.59808296,0.6349588,0.27807638,0.33452526,0.6170095,0.47265342,0.26210093,0.057285976,0.32195115,0.5905478,0.2241067,0.47799224,0.6341132,Intermediate
0.6305295,0.2573673,0.20128019,0.35362858,0.7781356,0.7941937,0.91498977,0.017195623,0.62830645,0.333957,0.8815031,0.53996855,1.0,Beginner
0.76718765,0.6708088,0.3290985,0.64284736,0.4605544,0.31478974,0.10048024,0.012158807,0.2988437,0.3015937,0.12585369,0.43686697,0.56503844,Intermediate
0.56329155,0.22729005,0.21186914,0.40787584,0.76994056,0.88845795,0.67745346,0.0024140077,0.59673655,0.2710349,0.8504124,0.6439621,0.5729943,Beginner
0.2870462,0.10245122,0.28008795,0.0021900344,0.79593533,0.40832824,0.53594047,0.024466122,0.6721296,0.103318766,0.7453195,0.6527025,0.8567156,Beginner
0.27939656,0.17873429,0.2825554,0.24215077,0.7896412,0.55399007,0.5400613,0.0046838466,0.676691,0.09171899,0.94946915,0.39866292,0.7032176,Beginner
0.7508267,0.7862706,0.6710854,0.47354048,0.4989951,0.60879546,0.4032813,0.070971966,0.44512844,0.41327348,0.19951415,0.3971674,0.35028166,Intermediate
0.59701085,0.33188084,0.21832632,0.4775348,0.5875414,0.55358166,0.94254225,0.011336666,0.5514834,0.09090909,0.81715447,0.731669,0.6686607,Beginner
0.33354804,0.2706033,0.21427207,0.06785515,0.7381123,0.85355747,0.715041,0.015073964,0.6099547,0.1824603,0.6509518,0.7548243,0.85051674,Beginner
0.9551736,0.90864974,0.75682104,0.8341135,0.22569872,0.06796021,0.05,0.15552016,0.009337034,0.8281961,0.16747223,0.13928172,0.2201735,Placement-Ready
0.5206875,0.7177659,0.5059534,0.6539265,0.43034422,0.43352428,0.26044866,0.055487163,0.30691275,0.26684454,0.252737,0.7754656,0.6471174,Intermediate
0.7608656,0.5855513,0.3308273,0.3876699,0.31483072,0.34991407,0.121685095,0.024550771,0.2432411,0.57237923,0.3401194,0.32047108,0.60695755,Intermediate
0.74995005,0.6994545,0.58076924,0.77490294,0.36887348,0.23185125,0.1817761,0.038247053,0.13217302,0.63047636,0.45932373,0.42063126,0.541086,Intermediate
0.97809756,0.8938202,0.77187175,0.9089131,0.10271778,0.0,0.09417357,0.04371745,0.0,0.85547996,0.0023508794,0.056664515,0.17889413,Placement-Ready
1.0,0.6465258,0.68810606,0.9908129,0.26762894,0.10923496,0.08268341,0.035334043,0.012966638,0.83680284,0.036835175,0.12198053,0.34992245,Placement-Ready
0.65134686,0.7233299,0.38281447,0.51927876,0.38990197,0.21172237,0.2369742,0.022877464,0.4083711,0.33940938,0.30618033,0.3833338,0.6573076,Intermediate
0.46070236,0.056468766,0.27473307,0.15222928,0.81808925,0.53252697,0.5469525,0.099192284,0.6537187,0.09090909,0.92953664,0.56046575,0.5990637,Beginner
0.27421504,0.3444803,0.09789768,0.15835568,0.93724877,0.81878275,0.1001035,0.014059422,0.393507,0.1280161,0.71590084,0.8836085,0.67487633,Beginner
0.4846043,0.4391458,0.20302045,0.25393283,0.79485005,0.5798109,0.6155171,0.104274035,0.6889937,0.18464214,0.7257349,0.6996301,0.889972,Beginner
0.6645149,0.5241086,0.43198898,0.57867926,0.3229773,0.46152866,0.31816608,0.10148795,0.46885198,0.48769587,0.22556828,0.4940621,0.6489894,Intermediate
0.8311602,0.53540665,0.3015608,0.60327065,0.36292034,0.71422315,0.2337472,0.05666232,0.4415653,0.5806243,0.3279945,0.42583087,0.90360427,Intermediate
0.9497147,0.8045749,0.7535965,0.74476504,0.19868596,0.0,0.05,0.047774374,0.0,1.0,0.026800111,0.18870342,0.3467784,Placement-Ready
0.97602767,0.7524337,0.69817775,0.8491065,0.18541011,0.07686815,0.06723057,0.11542716,0.069212906,0.9667221,0.051142838,0.34507194,0.41606915,Placement-Ready
0.6216967,0.6525606,0.43592066,0.53258514,0.44791973,0.4798475,0.19125679,0.025098749,0.31315553,0.5138121,0.22340535,0.5724832,0.69589394,Intermediate
0.49244803,0.24109098,0.18274438,0.03543214,0.93145686,0.8844978,0.8167842,0.024143215,0.6844217,0.3233529,0.7199288,0.38494843,0.90328693,Beginner
0.87623715,0.832952,0.7493795,0.7319317,0.132318,0.15102662,0.1009057,0.16000858,0.07447513,0.9458869,0.012752316,0.15263426,0.107973285,Placement-Ready
0.8688959,0.7613249,0.6833239,0.79121464,0.23102933,0.0038480533,0.05,0.10292925,0.03607965,0.832251,0.040425412,0.13042556,0.24155073,Placement-Ready
0.68909067,0.6706687,0.43251812,0.51537967,0.563144,0.35313362,0.24045919,0.060490433,0.48558325,0.3316458,0.24046598,0.20940574,0.5555442,Intermediate
0.30361935,0.30569264,0.16582479,0.29986608,0.7502633,0.7603078,0.39069253,0.0041458923,0.32697186,0.11722454,0.36397135,0.60393494,0.73589116,Beginner
0.93058,0.9274249,0.84304136,0.84144473,0.25815004,0.18409757,0.087280534,0.11344808,0.1281308,1.0,0.09520377,0.24782763,0.14187154,Placement-Ready
0.73621845,0.5675107,0.43239516,0.7683623,0.43326208,0.39526057,0.08192204,0.065701045,0.1284493,0.3975442,0.4151491,0.6044637,0.5300239,Intermediate
0.6578538,0.69125795,0.4986741,0.43634972,0.5373042,0.21705624,0.24054934,0.05636742,0.36828125,0.47767502,0.0,0.34462294,0.6444436,Intermediate
0.3591031,0.47141835,0.3549277,0.21037965,0.7795131,0.71664464,0.59820676,0.003171816,0.38254786,0.2954325,0.91346806,0.8108781,0.7916746,Beginner
0.6821125,0.70804864,0.55996704,0.5421666,0.42315188,0.5772572,0.19303699,0.058140427,0.28943095,0.5127705,0.2214522,0.46655032,0.7661735,Intermediate
0.7525546,0.54556286,0.3309664,0.60383725,0.62082505,0.2730152,0.1812955,0.009959716,0.5354591,0.22921756,0.3923789,0.37936002,0.542295,Intermediate
0.9286327,0.80913424,0.79301363,0.85862434,0.24921137,0.1188204,0.059336472,0.16115877,0.03164395,0.7897974,0.113058776,0.16551931,0.100407004,Placement-Ready
0.11646466,0.2837876,0.2314439,0.35195345,0.8955953,0.8073857,0.4400119,0.076815136,0.5213894,0.2728756,0.9590182,0.7565824,0.8515209,Beginner
0.5690076,0.6061083,0.4781913,0.70872504,0.43793255,0.33830044,0.4223885,0.0434212,0.383668,0.43178347,0.4957383,0.46302897,0.61746216,Intermediate
0.6025401,0.7757377,0.5920481,0.84305626,0.23947929,0.42697155,0.20653911,0.04974582,0.57761604,0.21734188,0.2312743,0.33778065,0.5144934,Intermediate
0.4010655,0.34085125,0.20509021,0.2014401,0.7372231,0.7461959,0.23800822,0.018890534,0.5039736,0.19343661,0.80506533,0.5711292,0.7842754,Beginner
0.685546,0.6760839,0.5072391,0.604788,0.33330598,0.2813444,0.26513475,0.05268143,0.4516771,0.52263516,0.2409664,0.25798908,0.7323886,Intermediate
0.4544601,0.25403947,0.1349393,0.18361108,0.70561117,0.7128021,0.32653472,0.013558415,0.873243,0.20735714,0.87134826,0.81418437,0.94837874,Beginner
0.77602017,0.66167146,0.51231,0.38775003,0.43919525,0.46391493,0.11439877,0.04405288,0.3016699,0.5267535,0.40274897,0.3695164,0.63020414,Intermediate
0.90239894,0.81368744,0.79827815,0.9064983,0.20002109,0.091667674,0.07783797,0.1228879,0.0084667,0.8678951,0.124836564,0.14077625,0.12796366,Placement-Ready
0.6587839,0.5659237,0.44359234,0.6008588,0.63076884,0.26844501,0.21818574,0.015197068,0.19689684,0.6043049,0.015493755,0.37034112,0.7227471,Intermediate
0.29526457,0.26484632,0.19791912,0.20931059,0.69096804,0.740258,0.53711706,0.0,0.6068764,0.17120327,0.51305586,0.5613048,0.8716487,Beginner
0.82322043,0.6637373,0.4523382,0.30094957,0.37626877,0.5341939,0.21079522,0.049935788,0.36320403,0.31609648,0.3747883,0.69556826,0.574078,Intermediate
0.3290121,0.40580225,0.23533055,0.39382392,0.91137564,0.54349923,0.5795734,0.019095471,0.35556477,0.21997371,0.7441145,0.3867817,0.8143591,Beginner
0.6153867,0.69773567,0.38836172,0.4783544,0.42920905,0.46684483,0.27166876,0.037760872,0.46698156,0.4734761,0.32320502,0.42637292,0.49159306,Intermediate
0.8409427,0.72404927,0.5057223,0.5025528,0.33103383,0.39998573,0.28867698,0.030412674,0.11326927,0.4654074,0.40375954,0.4610749,0.56259483,Intermediate
0.8794784,0.8325558,0.89503145,0.82600385,0.14182383,0.1072553,0.061346103,0.10518748,0.06300003,0.948352,0.09814032,0.15866405,0.41235822,Placement-Ready
0.7219602,0.6221233,0.4514596,0.4260764,0.4289744,0.23147374,0.23610556,0.08799938,0.39767846,0.26784554,0.1470178,0.47277287,0.3937019,Intermediate
0.26038978,0.109613754,0.20860635,0.36085334,0.71983194,0.5032616,0.48209858,0.0136396615,0.84848744,0.15848227,0.9082339,0.7916063,0.6588002,Beginner
0.27674738,0.34998217,0.060708787,0.20665237,0.8100403,0.73310363,0.45383736,0.012975001,0.35149983,0.09591739,0.84686965,0.4976505,0.8645854,Beginner
0.41629174,0.29317975,0.10746244,0.24085131,1.0,0.62833726,0.55185515,0.0,0.67481244,0.20586197,0.75955534,0.6174759,0.76486903,Beginner
0.88571966,0.8498826,0.8851477,0.8822226,0.21401164,0.0699407,0.094816625,0.14641592,0.052201137,0.7960833,0.0731857,0.06363738,0.2159861,Placement-Ready
0.64691633,0.5567059,0.33239248,0.67323947,0.34797204,0.4315587,0.14629853,0.045445304,0.23556103,0.581606,0.3555411,0.34858993,0.513526,Intermediate
0.6720007,0.562395,0.6323056,0.73347837,0.39023194,0.3682251,0.37705806,0.006153355,0.45471385,0.3996276,0.22098376,0.69549656,0.6914566,Intermediate
0.65752554,0.5695688,0.52859575,0.6096264,0.35007095,0.49802902,0.30904523,0.074298225,0.28775972,0.38461563,0.21808416,0.4960541,0.54342663,Intermediate
0.85603666,0.7077135,0.29357862,0.5191662,0.42952296,0.24304262,0.28757823,0.058960013,0.005873229,0.459828,0.349785,0.43744352,0.6537073,Intermediate
0.62081003,0.36962065,0.3679165,0.3851878,0.75133336,0.5540211,1.0,0.011445631,0.6027859,0.17962499,0.77971274,0.62834597,0.7311606,Beginner
0.91890544,0.9366397,0.7532693,0.86220556,0.19539136,0.06292012,0.09192253,0.09796937,0.116632275,0.9205641,0.023793884,0.28584078,0.23681015,Placement-Ready
0.8246059,0.6699793,0.38625914,0.39013898,0.34515962,0.47376806,0.25030637,0.026443847,0.47223073,0.6842341,0.2728081,0.46640053,0.3736727,Intermediate
0.6695959,0.52706754,0.4266513,0.5889441,0.42150357,0.16640295,0.28963816,0.017078135,0.40803924,0.5609769,0.23465505,0.5421221,0.4744566,Intermediate
0.71665746,0.8302358,0.7424663,0.91361994,0.15701419,0.1459382,0.08895248,0.08218732,0.042981334,0.7931333,0.091085516,0.08748073,0.22744352,Placement-Ready
0.54014075,0.25690037,0.20091155,0.2822096,0.82930934,0.5957729,0.7371313,0.005705259,0.5687447,0.24425219,0.6537268,0.5645973,0.8710002,Beginner
0.54228354,0.06351446,0.38416585,0.04528491,0.69760275,0.71386236,0.57070386,0.019230776,0.38843268,0.20552425,0.6632682,0.69427115,0.7922273,Beginner
0.8986329,0.8435002,0.6999775,0.9849353,0.2215875,0.17292652,0.060336765,0.14947984,0.006220526,0.70492005,0.124546215,0.113452725,0.120420046,Placement-Ready
0.65910846,0.49167573,0.41067147,0.7756743,0.33419943,0.3495061,0.2737363,0.025863871,0.50292,0.45556858,0.27163026,0.610217,0.73677,Intermediate
0.72287554,0.49070185,0.4932347,0.6064256,0.46989757,0.4034158,0.2830401,0.04849511,0.14787029,0.34606645,0.1412644,0.67480385,0.3796139,Intermediate
0.6936901,0.45805407,0.13879247,0.1526971,0.60302997,0.684897,0.6932717,0.019073982,0.5848098,0.15274113,0.77276367,0.52472854,1.0,Beginner
0.7649766,0.80580205,0.74770457,0.98241216,0.0870548,0.12593782,0.06305179,0.035598688,0.0,0.9321727,0.068515725,0.12458645,0.23098369,Placement-Ready
0.43850264,0.47041106,0.24519901,0.32489082,0.65596074,0.87223417,0.80050087,0.005236725,0.70908177,0.09090909,0.8585868,0.56413734,0.65274453,Beginner
0.5978278,0.23107234,0.16520031,0.18410482,0.702492,0.5280528,0.37515998,0.004142572,0.71831423,0.14716025,0.7189258,0.8405132,0.9554009,Beginner
0.64682084,0.3145862,0.11041032,0.1573863,0.9234677,0.6840608,0.8418764,0.015380493,1.0,0.1903423,0.5390392,0.6448206,0.6844381,Beginner
0.5989666,0.6881162,0.5233839,0.66945946,0.16607681,0.16694973,0.20374016,0.090219684,0.18685977,0.4372568,0.5580877,0.5142956,0.72894454,Intermediate
0.19913498,0.3128451,0.17269562,0.029299553,0.6741289,0.73964715,0.42870867,0.0030319483,0.5897766,0.31349197,0.8527079,0.69288075,0.82261837,Beginner
0.3972066,0.19706285,0.11178638,0.0673169,0.95856994,0.6256105,0.90674555,0.0065550567,0.2585284,0.09090909,0.93537176,0.6266153,0.73420554,Beginner
0.8032539,0.44009992,0.5500531,0.42411572,0.31514457,0.4826454,0.2662034,0.01798138,0.47169814,0.4150444,0.4475973,0.2895834,0.4215314,Intermediate
0.13190694,0.29108799,0.11564244,0.3303607,0.8466564,0.57901806,0.49722663,0.061404705,0.58746415,0.2686493,0.6021411,0.725607,0.7363691,Beginner
0.5958795,0.8115642,0.5254673,0.693347,0.3271034,0.38146558,0.39005545,0.052181315,0.32148033,0.25155535,0.39444402,0.33211768,0.76795506,Intermediate
0.6717375,0.7135973,0.6513921,0.800553,0.44221437,0.34269148,0.33349895,0.06794127,0.54574215,0.44845986,0.28013054,0.34266832,0.6806193,Intermediate
0.82088065,0.93384504,0.66257495,0.9740753,0.22662477,0.109154,0.056075342,0.17741716,0.10725236,0.7995992,0.03956134,0.067311294,0.27479896,Placement-Ready
0.67469925,0.5592559,0.31085345,0.31895423,0.36933124,0.60334176,0.25369054,0.071701914,0.12349689,0.49315676,0.21555759,0.33865803,0.71168846,Intermediate
0.95309633,1.0,0.7773732,0.76173264,0.08817968,0.026191533,0.10167092,0.031753577,0.06151521,0.8983135,0.12316216,0.025436357,0.3186258,Placement-Ready
0.16288787,0.3087715,0.23403089,0.33427316,1.0,0.66541594,0.84309614,0.011500857,0.2945362,0.3439337,1.0,0.7428645,0.8107742,Beginner
0.93502504,0.77340263,0.9694436,0.809717,0.20865941,0.04118962,0.05,0.05029196,0.0,0.96286976,0.04358792,0.10887269,0.11356693,Placement-Ready
0.18132327,0.2073761,0.19905755,0.17807731,0.97698146,0.7342542,0.9456659,0.014359623,0.64849,0.1880188,0.87269884,0.38934708,0.8102413,Beginner
0.18494093,0.26679152,0.24544546,0.44459772,1.0,0.7115978,0.6506017,0.005932042,0.49855688,0.27693248,0.9903317,0.5454075,0.8291548,Beginner
0.8170709,0.8054322,0.77837026,0.68340796,0.2291483,0.03795663,0.05,0.17709321,0.0,0.90433055,0.081413224,0.15458317,0.21436079,Placement-Ready
0.76588273,0.6612476,0.50068265,0.6336015,0.610285,0.455692,0.2051255,0.035038665,0.1851981,0.39623088,0.2537423,0.46783727,0.6792485,Intermediate
0.80170655,0.63255584,0.43618315,0.57024646,0.44586006,0.5162334,0.28339452,0.04098832,0.38330695,0.5718298,0.34555322,0.32457194,0.5727891,Intermediate
0.62432194,0.53355086,0.55280894,0.48838148,0.22669862,0.3833149,0.12609768,0.013234054,0.31942832,0.43233058,0.1960396,0.48434103,0.66358984,Intermediate
0.6028232,0.65874666,0.78220326,0.71639794,0.31607103,0.73079765,0.31892696,0.058613688,0.28541675,0.5476417,0.31341416,0.45294666,0.58003366,Intermediate
0.30796954,0.39474398,0.24328272,0.17373283,0.6384338,0.6957367,0.49327025,0.01091347,0.55410993,0.21721354,0.56023216,0.81379884,1.0,Beginner
0.9397024,0.572917,0.5849655,0.53441304,0.41158608,0.40617734,0.21476951,0.050694685,0.24370572,0.40276393,0.42919976,0.47631204,0.6520599,Intermediate
0.6438523,0.18884197,0.21713395,0.18622546,0.55648774,0.7720065,1.0,0.0,0.5935439,0.24004936,0.7684617,0.6330308,0.64409405,Beginner
0.9336013,0.8187637,0.73350805,0.91245043,0.14983921,0.07875794,0.10947558,0.19169936,0.06508944,0.83671457,0.072597265,0.21941282,0.21635008,Placement-Ready
0.71135217,0.6441079,0.31606847,0.3631285,0.41441163,0.49845982,0.18286195,0.085919864,0.41024038,0.33068073,0.30370185,0.82153934,0.4136154,Intermediate
0.47166836,0.26096055,0.18270181,0.12502564,0.9421716,0.8022695,0.7650829,0.0,0.56791,0.15635355,0.70791423,0.55759585,0.7584675,Beginner
0.7263191,0.6055362,0.4117074,0.7910826,0.30942664,0.62813455,0.28414425,0.036129665,0.38322863,0.56171584,0.5061842,0.25265327,0.5789995,Intermediate
0.2825631,0.36611027,0.11881862,0.34374085,0.6467091,0.7591765,0.8046402,0.009315209,0.39416662,0.22698295,0.6238528,0.58936316,0.83185554,Beginner
0.6809768,0.44399473,0.31032336,0.44864002,0.41022044,0.23875628,0.35334873,0.021400569,0.19598055,0.20617951,0.246577,0.4510682,0.7616638,Intermediate
0.62898856,0.6465007,0.6504236,0.6933204,0.41565916,0.676248,0.30329773,0.07829024,0.33002177,0.4038644,0.41630197,0.5600278,0.6519696,Intermediate
0.2990223,0.362833,0.24857295,0.096687965,1.0,0.6062254,0.57348126,0.025316061,0.18804368,0.09090909,0.8162901,0.2782195,0.5547808,Beginner
0.8416834,0.6292381,0.47203642,0.23058353,0.25553587,0.4962404,0.4519199,0.06909979,0.34854487,0.4516365,0.50191957,0.7722359,0.5119736,Intermediate
0.5128129,0.34147844,0.14292829,0.018152181,0.5281364,0.5296526,0.42222807,0.009645903,0.39716715,0.21263418,0.715159,0.6515819,0.93683004,Beginner
0.23983857,0.41363427,0.1894964,0.28621608,0.5177958,0.87034065,0.71755564,0.058814287,0.65180576,0.1822494,0.68247676,0.2145609,0.72076046,Beginner
0.8509547,0.6634127,0.5180961,0.47346383,0.391174,0.34943607,0.12417036,0.01714358,0.17942952,0.53445345,0.45675367,0.26596266,0.85684615,Intermediate
0.40580383,0.21902645,0.11990177,0.21589746,1.0,0.8168397,0.74079293,0.018272797,0.6841533,0.1927826,0.84934604,0.56807506,0.63026446,Beginner
0.865344,0.55628055,0.50598586,0.63211495,0.5724418,0.40996644,0.269543,0.013348169,0.08624513,0.25725582,0.20304058,0.6019336,0.54969645,Intermediate
0.5784457,0.36569068,0.33734733,0.40534317,0.5477927,0.6523516,0.109707095,0.077626646,0.44270775,0.240485,0.2531679,0.36297545,0.71219933,Intermediate
0.7375255,0.4781697,0.34289524,0.6023116,0.30587068,0.40711102,0.17590433,0.039522685,0.4904444,0.40775457,0.25671303,0.4697643,0.7638436,Intermediate
0.6071602,0.6530005,0.2662616,0.41868353,0.28276137,0.49150974,0.33226883,0.10122124,0.260942,0.22505291,0.28186408,0.576519,0.5453852,Intermediate
1.0,0.8621839,0.71691316,1.0,0.16380908,0.031187445,0.07025533,0.0830947,0.07630744,0.80857563,0.06275095,0.22742231,0.28236932,Placement-Ready
0.6435307,0.19652303,0.19452146,0.3148757,0.86239594,0.6817651,0.470308,0.012860512,0.8753772,0.25116444,0.65512973,0.5012341,0.7168653,Beginner
0.5405288,0.68287545,0.417262,0.46883073,0.37897882,0.30277643,0.17297831,0.030124666,0.20303127,0.3737663,0.25722438,0.3856385,0.71417564,Intermediate
0.317388,0.18869358,0.2546451,0.22762764,0.7197636,0.77829707,0.5462757,0.0020112204,1.0,0.13753025,0.41735864,0.5236852,0.6479268,Beginner
0.3579357,0.31882334,0.2511336,0.25008503,0.7480769,0.6308827,0.32147026,0.021507226,1.0,0.2908488,0.5611402,0.76805246,0.9228532,Beginner
0.71066695,0.9296589,0.34467083,0.59703875,0.5256878,0.5172433,0.2538078,0.052167222,0.07437772,0.37866375,0.36206523,0.5165839,0.7831749,Intermediate
0.5851271,0.6513251,0.4226627,0.40478197,0.37241474,0.3621371,0.05,0.03366895,0.34460288,0.3819515,0.41623485,0.21624653,0.7015324,Intermediate
0.6496124,0.43773872,0.4135189,0.4185857,0.4496204,0.39759308,0.09385397,0.013414395,0.1912715,0.45881248,0.21937592,0.502534,0.6473359,Intermediate
0.72584707,0.6137272,0.63233185,0.8819976,0.3315702,0.10766311,0.17246324,0.03240929,0.18570341,0.5782964,0.34113407,0.2807372,0.8124305,Intermediate
0.7016262,0.7054991,0.49676567,0.55990446,0.3869944,0.52211416,0.19737603,0.026863083,0.3703385,0.45749676,0.477758,0.11150354,0.6312127,Intermediate
0.6440774,0.6711556,0.56385183,0.5654215,0.31399974,0.3676795,0.34867617,0.039638888,0.4340021,0.5550551,0.26412752,0.65832,0.546668,Intermediate
0.6028713,0.28297156,0.21348207,0.31177098,0.61504376,0.7263437,0.37209943,0.01230393,0.7292954,0.19690417,0.8412903,0.54499775,0.7925384,Beginner
0.40158144,0.26651478,0.3780022,0.24432825,0.5579738,0.6599428,0.69994754,0.015336398,0.38244382,0.2663166,0.48556995,0.8216203,0.6416783,Beginner
0.47719482,0.3652824,0.2905691,0.24100125,0.6630315,0.6446826,0.39855003,0.010539227,0.55062294,0.3768215,0.8842016,0.7954322,0.8565623,Beginner
0.45748854,0.26269406,0.12009803,0.03887806,0.8642858,0.7962976,0.7940431,0.08340248,0.0,0.22758491,0.53138137,0.3698423,0.56142145,Beginner
1.0,0.78733236,0.74475604,0.97373664,0.13835779,0.07427483,0.10876135,0.103211775,0.010072333,0.69609004,0.013824535,0.07932714,0.18368722,Placement-Ready
0.77657807,0.5914841,0.3922753,0.55803967,0.33067238,0.32335925,0.35611627,0.059731506,0.45106715,0.23627049,0.30695698,0.59500575,0.82594436,Intermediate
0.2824909,0.38336375,0.23353963,0.21101262,0.78168243,0.7850199,0.19888477,0.018133694,1.0,0.225485,0.707861,0.62581474,0.8849051,Beginner
0.20769085,0.16841842,0.24248074,0.0,0.94356227,0.6962769,1.0,0.029928079,0.5637102,0.17215118,0.89933723,0.9054759,0.6034365,Beginner
0.30329233,0.21091104,0.15182386,0.07446805,0.9315782,0.3850082,0.697621,0.0038241323,0.49751896,0.10018294,0.9668797,0.65244734,0.8948454,Beginner
0.17829554,0.2530602,0.34253138,0.0,0.8370608,0.84420156,0.7403077,0.01742964,0.7862232,0.12691092,0.5847774,0.34479776,0.75648767,Beginner
0.604288,0.22457018,0.08678997,0.00979118,0.76909643,0.6205253,0.6415721,0.012048748,0.27935663,0.09090909,0.79438996,0.6703143,0.74890184,Beginner
0.5999447,0.49965477,0.3601877,0.38531217,0.42332146,0.32662717,0.33754948,0.042511858,0.0,0.51503867,0.056350373,0.48215914,0.48429638,Intermediate
0.44668907,0.50540924,0.26843235,0.30671677,0.8712869,0.5590215,0.62311935,0.010714248,0.6643169,0.19240983,0.806955,0.60327995,0.80703306,Beginner
0.6837649,0.57178575,0.5808599,0.6707838,0.3274459,0.500114,0.15913841,0.03590633,0.08257147,0.25282168,0.18966872,0.44614023,0.4509028,Intermediate
0.861941,0.51333547,0.4038107,0.70625967,0.51277936,0.58229864,0.3654163,0.054118253,0.23099034,0.5547726,0.24697787,0.46579254,0.54273295,Intermediate
0.23927662,0.26880136,0.2715367,0.13171023,0.7631551,0.83281964,0.48636556,0.004001744,0.23984511,0.14666961,0.8659772,0.5190644,0.80214465,Beginner
0.56873393,0.6954054,0.60676277,0.43463665,0.49999443,0.2302849,0.2473585,0.013849443,0.27307975,0.31769276,0.24613714,0.45898658,0.7240837,Intermediate
0.29423833,0.352128,0.24573429,0.27016717,0.6423944,0.69277453,0.16458699,0.012425835,0.8857715,0.09090909,0.66211087,0.69936603,0.9503411,Beginner
0.59299886,0.14768276,0.17748709,0.22683015,0.9492146,0.62834984,0.759268,0.010945575,0.5645664,0.2044449,0.69132656,0.5856444,0.59542567,Beginner
0.18114278,0.32779825,0.15220208,0.25534627,0.58674955,0.8786941,0.6163689,0.0,0.53986514,0.2239365,0.70004284,0.60861564,0.65307176,Beginner
0.9382945,0.88038194,0.96814,0.8609923,0.15916806,0.11292415,0.12719302,0.08373806,0.016405188,0.79752266,0.008175339,0.07390638,0.3140375,Placement-Ready
0.45525047,0.61020344,0.35849002,0.6386394,0.34768564,0.26434454,0.2492225,0.013975494,0.32151347,0.200661,0.43449825,0.5526405,0.46107212,Intermediate
0.7399686,0.8943542,0.87907594,0.80418867,0.082130395,0.03413674,0.05515296,0.19067779,0.0,0.83108777,0.1806942,0.16287844,0.23955974,Placement-Ready
0.54982454,0.48418155,0.20837204,0.2916877,0.64346623,0.6979211,0.5601875,0.01247803,0.66655207,0.23271167,0.7856464,0.46838862,0.68738395,Beginner
0.5273134,0.5884119,0.44368297,0.59416974,0.3968485,0.40216506,0.1564855,0.04218893,0.2601319,0.6127221,0.2163001,0.41332707,0.5465998,Intermediate
0.38297585,0.2115711,0.18800144,0.12638293,0.62993395,0.7765635,0.5289767,0.104603045,1.0,0.09090909,0.91381544,0.42853045,0.85478026,Beginner
0.42784554,0.26299775,0.19765198,0.20548826,0.77948767,0.8453,0.6672151,0.01506942,0.6999118,0.26222205,0.7932225,0.7038272,0.94265676,Beginner
0.28571597,0.44984674,0.26497912,0.10317194,1.0,0.65332836,0.84102356,0.01215602,0.67488825,0.26374608,0.87687767,0.598678,0.86379987,Beginner
0.8141485,0.8978144,0.7017064,0.68445456,0.16147095,0.13396999,0.05,0.159917,0.08814318,0.74802816,0.06633432,0.276166,0.28505927,Placement-Ready
0.4335739,0.32972273,0.35338056,0.0,0.8537091,1.0,0.6564068,0.024525257,0.47415757,0.17890477,0.7550287,0.31736133,0.65981865,Beginner
0.65887934,0.4877882,0.5830768,0.73825353,0.6565154,0.4379669,0.24491203,0.029154835,0.018171463,0.47867626,0.58204067,0.64062184,0.76748466,Intermediate
0.585345,0.7469814,0.54005396,0.6375794,0.37284887,0.47480726,0.3062289,0.020677084,0.34664646,0.61576,0.418055,0.45410588,0.6482534,Intermediate
0.67534465,0.54128766,0.5776979,0.4811299,0.4078766,0.44929725,0.3951309,0.06697865,0.31348187,0.4534589,0.33760944,0.5650068,0.48835322,Intermediate
0.6187416,0.67598116,0.53711456,0.7104111,0.46712595,0.17294152,0.16927223,0.010670565,0.26950526,0.61648977,0.28203827,0.30485153,0.5545109,Intermediate
0.94511527,0.7190055,0.8060518,0.7928343,0.24465476,0.034258857,0.08322778,0.036122803,0.0,0.8345144,0.101436704,0.23188059,0.22185373,Placement-Ready
0.91812676,0.8499564,0.6682149,0.8811423,0.22603078,0.1009391,0.06996228,0.1606197,0.061831176,0.9281916,0.07474534,0.035811324,0.20212325,Placement-Ready
0.3746872,0.46918347,0.34361902,0.05791154,0.5054595,0.7237457,0.46536297,0.0011614274,0.60322416,0.20279066,0.62415475,0.5563873,0.70855504,Beginner
0.8042007,0.6369996,0.52733976,0.7704671,0.3031869,0.22390106,0.15912065,0.056883775,0.30801475,0.55138135,0.29087433,0.42065957,0.6493735,Intermediate
0.98201406,0.8185607,0.89094347,0.87875146,0.15807566,0.15654093,0.07048976,0.060360845,0.034119155,0.9120075,0.03694051,0.00021365385,0.36698255,Placement-Ready
0.8898787,0.7771976,0.8197349,0.7966241,0.17945696,0.0038690732,0.05,0.16788457,0.055793338,0.7930857,0.087172106,0.10142826,0.14162399,Placement-Ready
0.1440372,0.27787465,0.19785494,0.2868888,0.9140273,0.849071,0.48338452,0.009585301,0.656516,0.15920989,0.99110186,0.7236462,0.8881853,Beginner
0.8309863,0.75021785,0.6889898,0.8977585,0.17441809,0.003642765,0.06322391,0.056861974,0.025491718,0.77528834,0.098655656,0.20145072,0.0,Placement-Ready
0.33337808,0.10735451,0.30029526,0.21358196,0.7617501,0.78533816,0.67056674,0.014707849,0.27405336,0.23239173,0.46364155,0.76543474,0.9342058,Beginner
0.8697185,0.9218154,0.8961626,0.8785984,0.20264956,0.18727224,0.05,0.046446517,0.0,0.78624916,0.037034534,0.18044572,0.32077515,Placement-Ready
0.7136427,0.6121174,0.5295828,0.58135986,0.46761015,0.34767848,0.30629793,0.046146043,0.57350385,0.46555188,0.5808867,0.5028017,0.5679484,Intermediate
0.6209401,0.6285681,0.46175784,0.54979724,0.42684126,0.53894573,0.2792296,0.062991984,0.30153382,0.5210385,0.42405567,0.73187816,0.78161633,Intermediate
0.73718166,0.45790398,0.6425981,0.36684412,0.24540453,0.35324925,0.27517852,0.058569808,0.29007906,0.6945514,0.3078202,0.60520023,0.7180432,Intermediate
0.6914531,0.11962495,0.24651767,0.29374737,0.68964064,0.52734196,0.8951758,0.014998183,0.5541838,0.09090909,0.62672776,0.84538853,0.81651944,Beginner
0.5892539,0.65803015,0.74721426,0.74426615,0.30906305,0.619397,0.34300372,0.026332658,0.33115122,0.5196812,0.17076819,0.5559141,0.9644634,Intermediate
0.29157183,0.41054812,0.021865476,0.19515835,0.8254782,0.97451866,0.37295493,0.00022735879,0.42797995,0.24560958,0.7687928,0.43360466,0.8119469,Beginner
0.40367928,0.2187272,0.3398866,0.39973083,0.9701534,0.87205136,0.2850041,0.018570377,0.7311203,0.09090909,0.7177634,0.691519,0.99971807,Beginner
0.8478184,0.4466233,0.6231634,0.448405,0.48557353,0.3087565,0.16860282,0.035947338,0.08315847,0.46005848,0.20727919,0.5679447,0.6960084,Intermediate
0.39797676,0.3434937,0.06634489,0.28247172,0.69894993,0.9915454,0.67985386,0.0060484526,0.7133024,0.1900719,0.4923064,0.7794591,0.7513352,Beginner
0.4428743,0.19878957,0.08761147,0.34878048,0.80266434,0.5265059,0.34098426,0.00819903,0.93380433,0.15821896,0.52452856,0.61313856,0.7672732,Beginner
0.3661774,0.18169145,0.29470482,0.31038788,1.0,0.5676628,0.76451457,0.0001790907,0.6314693,0.2705915,0.43917972,0.61926013,0.73241484,Beginner
0.08341281,0.13242082,0.07390513,0.3756822,0.79376394,0.53069264,0.6982132,0.019084832,0.7016971,0.16466272,0.784873,0.7852245,0.7436905,Beginner
0.99779326,0.8016369,0.94098973,0.85989696,0.28767356,0.017053764,0.06421403,0.04175491,0.10211239,0.8866563,0.20099674,0.11128133,0.35370833,Placement-Ready
0.5969538,0.2030949,0.20133728,0.42708793,0.66061634,0.9516663,0.53284365,0.0017435508,0.72074085,0.19161347,0.751977,0.5346923,0.81205434,Beginner
0.31391346,0.19737804,0.19070147,0.30326563,0.7933379,0.8264462,0.85312593,0.007927705,0.5042865,0.26888433,0.9055571,0.7610886,0.68573856,Beginner
0.7790391,0.67205125,0.6683132,0.33759323,0.4588138,0.18340313,0.24927443,0.04248312,0.3992605,0.4856619,0.46141407,0.35971543,0.70636714,Intermediate
0.42158046,0.3076822,0.11736062,0.36955202,0.7176032,0.48651272,0.51437694,0.023293916,0.7700443,0.15012254,0.69761133,0.6017547,1.0,Beginner
0.62220246,0.6020449,0.35070652,0.52593404,0.4628782,0.32242158,0.23372951,0.020006027,0.044954762,0.4354566,0.36745715,0.30178326,0.8865184,Intermediate
0.58792824,0.26355457,0.39611125,0.0025386275,0.559725,0.9186278,0.9151209,0.0038619954,0.6137787,0.24656272,0.71559364,0.67248005,0.80131197,Beginner
0.37785655,0.44547495,0.3704609,0.31562677,0.8813819,0.7396574,0.79384065,0.0,0.59922755,0.12976117,0.7718727,0.81389415,0.8022841,Beginner
0.6104335,0.19745363,0.21264835,0.22898035,0.8535664,0.7631546,0.56057054,0.0,0.8141159,0.17408688,0.7619464,0.89007425,0.9089866,Beginner
0.40004444,0.3417395,0.26469207,0.22910193,0.65496635,0.5371927,0.8035373,0.01728973,0.72987294,0.25556394,0.7257666,0.5562685,0.6823511,Beginner
0.29246756,0.22146821,0.37591705,0.33827862,0.9305523,0.8965813,0.9668269,0.0,0.35402337,0.10875239,0.6795405,0.6049146,0.7463627,Beginner
0.72011656,0.87356734,0.43330824,0.5755776,0.22147243,0.32256296,0.1601199,0.033318225,0.12213535,0.27016526,0.3146771,0.55654997,0.4842704,Intermediate
0.31391296,0.22745723,0.20824108,0.36991414,0.94988763,0.75264424,1.0,0.027238227,0.31877676,0.09090909,0.86935717,0.8548049,0.7730289,Beginner
0.31226557,0.2602652,0.24804012,0.37604794,0.7217857,0.65213275,0.67443335,0.015659915,0.39857373,0.33851573,0.6535028,0.79470116,0.85420454,Beginner
0.9212987,0.87293524,0.80635697,0.9295413,0.13910942,0.15867276,0.05,0.16414797,0.058388017,0.776099,0.14174618,0.004918857,0.38252228,Placement-Ready
0.9542794,0.817147,0.8772841,0.79024076,0.21835859,0.001712855,0.10077826,0.17470637,0.073417895,0.82788324,0.0,0.11874878,0.33103073,Placement-Ready
0.77950317,0.73181695,0.5151707,0.5900778,0.4073639,0.26233372,0.29317057,0.012666548,0.43954375,0.43905088,0.19667722,0.2196203,0.32039028,Intermediate
0.7231071,0.64163053,0.5339879,0.66955334,0.4900791,0.4841049,0.05,0.07548818,0.52909625,0.38880125,0.32839763,0.31637526,0.30774322,Intermediate
0.91777545,0.75826687,0.7648073,0.8926613,0.045576926,0.0136813335,0.08814674,0.116113655,0.03444383,0.9644038,0.07677135,0.11212366,0.18914264,Placement-Ready
0.30177337,0.31380785,0.0691097,0.25636712,0.92146015,0.64846855,0.9354232,0.0,0.8382521,0.24319428,0.49259502,1.0,0.7923506,Beginner
0.17922992,0.11872721,0.13739733,0.5429507,0.8830932,1.0,0.76581967,0.004861563,0.52364576,0.23531239,0.8156259,0.5633987,0.6188008,Beginner
0.5938596,0.35902748,0.23734888,0.303054,0.82920325,0.54903686,0.33171096,0.07316149,0.6367767,0.19091776,0.7364659,0.767161,1.0,Beginner
0.97975534,0.80195105,0.726705,0.86334604,0.15609592,0.021220652,0.07808959,0.07695082,0.02668222,0.8965237,0.071894325,0.12940635,0.40088564,Placement-Ready
0.7403609,0.61250675,0.519148,0.50991285,0.37945274,0.44039696,0.41090477,0.012243927,0.38576758,0.62061775,0.14753287,0.4230881,0.6413663,Intermediate
0.6357675,0.6701598,0.44163015,0.64713126,0.23743142,0.5432951,0.16508783,0.043208808,0.49763322,0.60421306,0.105464675,0.30790073,0.696017,Intermediate
0.6593381,0.6811904,0.5296722,0.6267328,0.36759666,0.3251583,0.176556,0.0648541,0.31275797,0.4945212,0.17763162,0.5543561,0.64681196,Intermediate
0.6987804,0.5453864,0.41246983,0.6056635,0.293314,0.21577048,0.28935722,0.01956289,0.44058093,0.396603,0.23024929,0.513533,0.47819626,Intermediate
0.91969603,0.90968424,0.6472825,0.9105891,0.19167633,0.10694237,0.084124185,0.1382349,0.05885819,0.7626738,0.040924508,0.29218444,0.28728577,Placement-Ready
0.7052343,0.70940965,0.39504462,0.43666497,0.3535313,0.42321357,0.4420871,0.01147003,0.60002285,0.52483517,0.24558449,0.6220603,0.56357056,Intermediate
0.9795864,0.8496291,0.8100185,0.9507694,0.18284823,0.024119182,0.077832766,0.10397198,0.0,0.9366406,0.06462072,0.0,0.24535215,Placement-Ready
0.92024404,0.7259772,0.57430905,0.6628506,0.26074916,0.07539446,0.061688364,0.040746655,0.029777516,0.888042,0.08154532,0.11232004,0.2494146,Placement-Ready
0.69237435,0.72325176,0.5606878,0.5524377,0.4828067,0.4436011,0.20641342,0.08019918,0.3686098,0.3523832,0.196061,0.7438375,0.5261077,Intermediate
0.5195876,0.18040456,0.24195807,0.0463492,0.6335209,0.93404514,0.49168682,0.0766356,0.5943664,0.120005794,0.5003686,0.6849953,0.9745527,Beginner
0.74829566,0.64062095,0.35219935,0.65316576,0.42805,0.56146824,0.06895832,0.015134596,0.19126455,0.38396055,0.36716977,0.23459093,0.6199703,Intermediate
0.6392673,0.5607256,0.63300985,0.6433913,0.49037182,0.5808017,0.21943499,0.017087683,0.122855455,0.20389442,0.24494798,0.39236662,0.71813303,Intermediate
0.31142592,0.39661714,0.25046048,0.43548083,0.8047583,0.5644007,0.8353959,0.0062181647,0.6590848,0.19870152,0.7568444,0.624527,0.6017427,Beginner
0.11234384,0.2533696,0.09896346,0.28730297,0.55486536,0.6881248,0.8357897,0.01586377,0.1952692,0.20004104,0.70212454,0.45894238,0.84020257,Beginner
0.7538627,0.5395688,0.35607904,0.5724397,0.44388384,0.6560682,0.25758147,0.043991476,0.15351413,0.50505215,0.42200303,0.18189502,0.6112037,Intermediate
0.22715086,0.292866,0.35758135,0.46304974,0.83782697,0.8252907,0.4199084,0.007993371,0.8544541,0.12915704,0.973107,0.81688464,0.8901949,Beginner
0.24443518,0.05283555,0.15624838,0.31924865,0.76120985,0.7756719,0.47920296,0.011670601,0.5688645,0.2879802,0.7881631,0.7006404,0.75057477,Beginner
0.84479755,0.8846703,0.77386063,0.9434701,0.22021286,0.027981222,0.064361125,0.08887343,0.0068192217,0.70042914,0.13647498,0.2533856,0.12124434,Placement-Ready
0.71622235,0.6050122,0.6534751,0.63564676,0.2832499,0.35895255,0.45178065,0.05175284,0.25090116,0.52160084,0.39160717,0.38157475,0.6753862,Intermediate
0.8665376,0.7727855,0.846781,0.9494604,0.22449659,0.08787369,0.05064766,0.18780632,0.07897547,1.0,0.010734563,0.21900532,0.27491066,Placement-Ready
0.6774513,0.542001,0.46973458,0.6094809,0.3540884,0.53715867,0.35676476,0.006763798,0.39869568,0.73298013,0.42535168,0.54780024,0.7942975,Intermediate
0.71590865,0.5238528,0.5137945,0.6625317,0.4995303,0.5022096,0.2194368,0.009633554,0.36118186,0.21484716,0.36847016,0.23140511,0.906052,Intermediate
0.18593937,0.33463126,0.16959612,0.16190058,0.57469195,0.65023863,0.81690013,0.010751874,0.7255361,0.33314925,0.78956336,0.56618005,0.8560703,Beginner
0.43251866,0.27628562,0.24629009,0.3472872,1.0,0.8877747,0.6329553,0.008614454,0.45141318,0.30506018,0.7749886,0.74458164,0.72917366,Beginner
0.9384092,0.79316187,0.6799335,0.7352742,0.24766979,0.07191199,0.060019456,0.12499321,0.10403106,0.9344309,0.10631037,0.20103088,0.23801723,Placement-Ready
0.97468734,0.91276896,0.7751317,0.8820819,0.041666668,0.09214681,0.12307204,0.102886535,0.00071977085,0.8506927,0.0283137,0.07606948,0.24650082,Placement-Ready
0.5821023,0.7279933,0.37895828,0.6190827,0.4726478,0.40540835,0.3774733,0.007132189,0.39118734,0.42976093,0.119384654,0.28783533,0.8347652,Intermediate
0.3926371,0.40519476,0.14015515,0.20392345,0.8291967,1.0,1.0,0.01594567,0.5633607,0.2304096,0.8831483,0.60189986,1.0,Beginner
0.86713153,0.98533046,0.73755455,0.81897986,0.27761036,0.11460058,0.09964748,0.06183213,0.023491016,0.7691165,0.12807569,0.24801946,0.16002256,Placement-Ready
0.5812641,0.32190716,0.18196861,0.14969558,0.627286,1.0,0.5496896,0.0,0.89874196,0.23737009,0.63503003,0.5100321,0.88081676,Beginner
0.90377986,0.97823495,0.7535891,0.8363783,0.34045866,0.0,0.05,0.20076972,0.0,0.9086528,0.043623123,0.020708755,0.27268493,Placement-Ready
0.6040351,0.22611971,0.2911933,0.02999906,0.78745407,0.7702858,0.41050157,0.005812137,0.6030758,0.26864514,0.5950696,0.5212325,0.9350705,Beginner
0.93914527,0.71673346,0.5371103,0.6709508,0.41697565,0.5861085,0.14924891,0.078738846,0.47564948,0.28950602,0.37567985,0.443544,0.5090127,Intermediate
0.6738815,0.681759,0.5783001,0.48410657,0.51548666,0.39922628,0.34746093,0.020801459,0.31646302,0.39173725,0.1978258,0.6614247,0.6292945,Intermediate
0.4156681,0.25351766,0.21288699,0.16735311,0.78212273,0.5156708,0.3168458,0.021652184,0.27753806,0.2623762,0.46584266,0.7444456,0.77508986,Beginner
0.65393466,0.32925633,0.3862237,0.66157,0.55372834,0.16930206,0.24403335,0.039539877,0.36267236,0.46659565,0.25539836,0.54586625,0.49627045,Intermediate
0.20739067,0.24848291,0.20987849,0.30273432,0.98186076,0.71634024,0.31555408,0.017883675,0.75099176,0.09090909,0.7494294,0.41147873,0.72024184,Beginner
0.68708974,0.7337454,0.32094076,0.5219007,0.5389985,0.044959214,0.24131963,0.043292865,0.29568595,0.5031183,0.30180925,0.2489994,0.6145959,Intermediate
0.6412549,0.59636253,0.44600272,0.59410846,0.26377517,0.36556414,0.44807333,0.023025172,0.51392376,0.7391088,0.20573902,0.49914134,0.4050406,Intermediate
0.20211239,0.31311193,0.2907874,0.49614963,0.687596,0.70510286,0.54551464,0.0,0.53792065,0.26191473,0.8310884,0.74286246,0.7549389,Beginner
0.4370706,0.12531044,0.17689914,0.21940637,0.83009225,0.89899665,0.44565183,0.006866067,0.49749318,0.10895204,0.69792205,0.76562035,0.67353976,Beginner
0.68833464,0.3248837,0.17437975,0.3879291,0.97532505,0.71446663,0.483141,0.0,0.4262807,0.09090909,0.6134036,0.7035455,0.793952,Beginner
0.84403557,0.7304818,0.40683413,0.32126778,0.43927783,0.43545082,0.15664063,0.067522116,0.1570764,0.56741893,0.32892784,0.23102777,0.5457785,Intermediate
0.42933723,0.20265846,0.23955065,0.3180696,0.78534406,0.72502893,0.6887972,0.008653354,0.7779107,0.30646735,0.6111323,0.9150589,0.76358145,Beginner
0.31444085,0.5036872,0.20225719,0.46230376,0.49785063,0.74225444,0.53318214,0.006582529,0.7316135,0.16230722,0.446257,0.41174462,0.88664323,Beginner
0.8628046,1.0,0.68965936,0.81929487,0.13469982,0.0729878,0.054627042,0.03281583,0.014072648,0.95955706,0.084898226,0.069762185,0.30407965,Placement-Ready
1.0,0.84862036,0.72830826,0.80464554,0.16198853,0.15956277,0.06584873,0.1465273,0.045402225,0.7442595,0.06033747,0.0,0.23751007,Placement-Ready
0.9161136,0.75773495,0.74195087,0.8582425,0.18181992,0.022704469,0.10158606,0.060958683,0.0797455,0.94097316,0.09428118,0.28311104,0.2605574,Placement-Ready
0.63244313,0.6907487,0.26938167,0.42632654,0.3146071,0.5507422,0.2809416,0.036946785,0.17122862,0.38426447,0.24666245,0.32310554,0.33873537,Intermediate
0.9191262,0.8825234,0.67884356,0.87158394,0.15044092,0.013444251,0.067754,0.14054312,0.06248375,0.9596386,0.15843855,0.17690247,0.27171063,Placement-Ready
0.719367,0.6842278,0.4545263,0.63779366,0.41632557,0.15981227,0.29591614,0.025202358,0.44088042,0.36301666,0.28064576,0.6558418,0.67445725,Intermediate
0.7269251,0.6083457,0.46357596,0.46211776,0.32504863,0.24588773,0.28499308,0.058085237,0.43134364,0.4992813,0.31905648,0.46183366,0.70134866,Intermediate
0.611179,0.26782474,0.21740152,0.4795226,0.5929398,1.0,0.75143534,0.014387085,0.40307325,0.2337401,0.641477,0.8399992,0.6834726,Beginner
0.3256273,0.38947237,0.29212987,0.45261306,1.0,0.8575973,0.25591087,0.02598094,0.78359354,0.11219454,0.8593364,0.49441013,0.87423563,Beginner
0.5934627,0.6372296,0.14636874,0.2021634,0.78253704,0.5071874,0.8084983,0.018385198,0.60380006,0.13323487,0.52574193,0.53161126,0.88924533,Beginner
0.2947601,0.35925338,0.21062084,0.3380018,0.68308043,0.5847945,0.51866627,0.09140716,0.7612697,0.254255,1.0,0.5756762,0.39829394,Beginner
0.3200464,0.39566228,0.108303055,0.13308513,0.67438966,0.654045,0.48091537,0.0112384325,0.7471443,0.2638782,0.7009804,0.40479597,0.6751508,Beginner
0.38476565,0.15771231,0.25690177,0.13907713,0.72401756,0.7640924,0.44549158,0.010482487,0.2972339,0.2391705,1.0,1.0,0.8109402,Beginner
0.755703,0.79440105,0.4004746,0.7266633,0.40434235,0.17964627,0.13684946,0.007414546,0.23933065,0.27551186,0.09671529,0.3229921,0.62907135,Intermediate
0.64671487,0.5066993,0.43370202,0.4061763,0.26944876,0.22059496,0.20845495,0.020025602,0.009180014,0.29971215,0.37709692,0.2592684,0.54895955,Intermediate
0.5166537,0.36365533,0.40580875,0.377418,1.0,0.7527508,0.7935864,0.086657986,0.75917274,0.24130802,0.79348665,0.84740114,0.73534584,Beginner
0.3148559,0.30491978,0.20456368,0.097599186,0.9546617,0.54950386,0.34507775,0.0076691112,0.6326388,0.11635067,0.85605264,0.60755354,0.9263323,Beginner
0.70200276,0.51319754,0.5138869,0.55285895,0.39532506,0.26003855,0.10127102,0.0034095885,0.28032297,0.39577258,0.21888748,0.64838225,0.47108427,Intermediate
0.68048185,0.7406493,0.43677852,0.8759021,0.45341188,0.4628785,0.27719942,0.017472401,0.20255268,0.42250225,0.2773106,0.4358687,0.6953981,Intermediate
0.45211262,0.076967955,0.3704643,0.25732344,0.54829687,0.582931,0.1741346,0.0019980678,0.5715503,0.31951952,0.81160116,0.6849291,0.6637875,Beginner
0.9223645,0.87697893,0.7838081,0.75662714,0.27026924,0.07220335,0.07168883,0.19980028,0.005552935,0.8593197,0.090185545,0.13146004,0.24732539,Placement-Ready
0.63065636,0.8614951,0.33436576,0.40094176,0.42780295,0.36860505,0.3160041,0.037170753,0.16972299,0.68277997,0.10659725,0.50408983,0.70354545,Intermediate
0.7484411,0.66576713,0.6598188,0.5333477,0.27381226,0.5610455,0.26358417,0.05236934,0.2050005,0.37042883,0.40160668,0.5976984,0.7175735,Intermediate
0.8375709,0.8345581,0.8085029,0.7787342,0.2003814,0.08821076,0.07617214,0.065723754,0.0,1.0,0.117818356,0.23045853,0.21163704,Placement-Ready
0.8282559,0.7724677,0.5193728,0.6205127,0.39656916,0.30022347,0.2229945,0.07954217,0.0,0.28559557,0.21294339,0.28824827,0.82649696,Intermediate
0.6978901,0.36709112,0.26830325,0.20297478,0.639002,0.5658895,0.52534634,0.016256316,0.7856491,0.13667893,0.5769761,0.69017655,0.7011758,Beginner
0.70900005,0.6375978,0.3392027,0.49181512,0.31569615,0.31048876,0.2611977,0.05602822,0.0,0.59432626,0.28909588,0.28194028,0.74284804,Intermediate
0.6040028,0.6565396,0.3874398,0.6442768,0.28058413,0.3321488,0.10682703,0.11121462,0.051906068,0.45588368,0.43719652,0.6054579,0.7277013,Intermediate
0.9135195,0.8641046,0.8909764,0.8819,0.15492117,0.018143127,0.05714154,0.17155261,0.047171492,0.914523,0.06322087,0.07532895,0.27989984,Placement-Ready
0.67548907,0.28581846,0.055702575,0.4311339,0.55692023,0.776217,0.64765096,0.011335408,0.6137594,0.09090909,0.7007902,0.7953426,0.95181865,Beginner
0.34694213,0.31386352,0.25984895,0.31193957,0.9514804,0.6037797,0.49347866,0.026538417,0.5699343,0.20000307,0.7399485,0.5267479,0.9948235,Beginner
0.6372869,0.50999045,0.39116538,0.81026775,0.4931545,0.36632195,0.32164553,0.031083664,0.35526055,0.3065545,0.28533775,0.611354,0.7218057,Intermediate
0.753031,0.6206638,0.5368071,0.6208921,0.3472757,0.45279056,0.32801577,0.081421725,0.34775588,0.37877694,0.28764752,0.2785554,0.70910287,Intermediate
0.4347085,0.4698093,0.15079428,0.43813553,0.66274166,0.79877853,0.37243858,0.015260781,0.53488255,0.15340762,0.8415035,0.57962877,0.6286222,Beginner
0.8083441,0.42363298,0.43931103,0.5731772,0.52001417,0.42370003,0.51172733,0.016626263,0.31819376,0.39379942,0.32815656,0.71275115,0.8722371,Intermediate
0.61444044,0.25509962,0.2738909,0.0,0.9563961,0.7244991,0.54843414,0.019046916,0.94585794,0.22597417,0.9913071,0.4170075,0.87991387,Beginner
0.51013786,0.6630814,0.34291855,0.7481177,0.2805661,0.4961845,0.261795,0.010273237,0.25947598,0.36753687,0.45542353,0.45189193,0.40961677,Intermediate
0.3106264,0.27419916,0.1691021,0.18219274,1.0,0.5923674,1.0,0.014551727,0.618411,0.22511277,1.0,0.50096107,0.6655499,Beginner
0.89925176,0.81138957,0.93489736,0.8749594,0.18858007,0.05085481,0.09709809,0.04598509,0.046754617,0.8569738,0.0136413695,0.2696671,0.31196073,Placement-Ready
0.91318876,0.8884925,0.7487408,0.75005007,0.21757612,0.15203139,0.060681667,0.15650506,0.12907575,0.89444065,0.05618719,0.23326828,0.1462439,Placement-Ready
0.7759771,0.6570614,0.45529246,0.6407534,0.3546842,0.38945976,0.3475044,0.036082387,0.12413826,0.43475437,0.1363842,0.4083827,0.55790436,Intermediate
0.54793835,0.102079414,0.1984867,0.24853268,1.0,0.86358505,0.48342267,0.014158978,0.7652499,0.18963249,0.66192687,0.57017416,0.8462568,Beginner
0.3729264,0.30470344,0.23933926,0.13385615,0.75178665,0.70669985,0.15155567,0.01780141,0.6328032,0.20593809,0.67267555,0.73793757,0.7001689,Beginner
0.798843,0.89425015,0.6895521,0.9468734,0.10711096,0.17103824,0.05296182,0.13690864,0.15428142,0.8317844,0.19026461,0.14422913,0.21128948,Placement-Ready
0.25762385,0.27947074,0.23984325,0.19986527,0.7979686,0.78764594,0.89452606,0.006728963,0.6288364,0.26082978,0.53406096,0.9496739,0.9414837,Beginner
0.39517707,0.14193,0.17749028,0.14253946,0.65540993,0.648528,0.7226944,0.005807187,0.6450116,0.18737842,0.6331421,0.59827775,0.9037819,Beginner
0.6833758,0.79444957,0.51263607,0.38145876,0.44828486,0.42721438,0.14486782,0.029102042,0.29629534,0.50223833,0.003520406,0.6079682,0.5258253,Intermediate
0.4111667,0.20956834,0.2710874,0.050617594,0.7817547,0.53834754,0.46963277,0.011348482,0.42791733,0.14685859,0.90094393,0.5634662,0.90028304,Beginner
0.4023959,0.27634937,0.0,0.29683343,0.68155015,0.6512418,0.6012042,0.0,0.6278083,0.1530266,0.618417,0.6569363,0.59717643,Beginner
0.8331006,0.8533214,0.760456,0.82381797,0.12600586,0.0,0.12519455,0.13284382,0.08210609,0.86420465,0.08278092,0.14503174,0.10795541,Placement-Ready
0.943607,0.815471,0.80678403,0.9542689,0.16227052,0.08690929,0.05,0.0937533,0.033277854,0.7671964,0.15931842,0.082959436,0.29867986,Placement-Ready
0.9149195,0.9918175,0.6914692,0.94499874,0.20828266,0.025231611,0.06813851,0.055021524,0.0,0.754586,0.056717444,0.156495,0.089021675,Placement-Ready
0.9680288,0.7643123,0.8510435,0.96834433,0.09614962,0.069727324,0.06591495,0.17369401,0.0,1.0,0.073247775,0.22328755,0.21397628,Placement-Ready
0.83947015,0.9401877,0.7410301,0.7839494,0.12726876,0.07453956,0.05,0.21482283,0.0,0.9019839,0.0,0.3136207,0.34494373,Placement-Ready
0.8502728,0.47241288,0.54290557,0.56426555,0.3656774,0.4330271,0.26895598,0.05934029,0.32084635,0.511502,0.31120384,0.35108596,0.6006002,Intermediate
0.6110214,0.5598823,0.08207505,0.3332588,0.9666459,0.8537016,0.5591289,0.008571714,0.688829,0.2559777,0.840371,0.8060087,0.6777356,Beginner
0.8179762,0.73565936,0.8587125,0.83750015,0.24445818,0.13743578,0.11024362,0.1455599,0.005521176,0.9479681,0.08707985,0.13129254,0.17237762,Placement-Ready
0.65510637,0.54169154,0.28409952,0.5584279,0.42173368,0.13941996,0.19761874,0.090677015,0.36942098,0.45063433,0.46724588,0.20323542,0.5377876,Intermediate
0.3439036,0.34078768,0.25620252,0.08194965,0.82268286,0.93255305,0.7362679,0.012227424,0.94238746,0.1649963,0.65706664,0.6730748,0.89197606,Beginner
0.39893138,0.19026317,0.10184601,0.16127543,0.9704516,0.8625024,0.64860094,0.0,0.56074387,0.20924546,0.7763304,0.37343097,0.69316185,Beginner
0.7426523,0.59789515,0.4083793,0.4623655,0.39346763,0.36428607,0.14350465,0.06577694,0.37796497,0.25875965,0.6160068,0.2678118,0.5313381,Intermediate
0.55066824,0.62566876,0.34764388,0.58494556,0.38090143,0.323448,0.16968201,0.031322453,0.47378153,0.39430726,0.5558623,0.55034107,0.19985554,Intermediate
0.9333663,0.91813624,0.9206004,0.8558944,0.30680627,0.09162024,0.107940935,0.13008654,0.092017494,0.8248265,0.16036604,0.24208179,0.19863598,Placement-Ready
0.21525687,0.33514798,0.06174198,0.2556322,1.0,0.57781607,0.4331354,0.0172386,0.29143968,0.124294996,0.83946615,0.55485713,0.7716836,Beginner
0.69374865,0.8684144,0.25829598,0.60448,0.467715,0.3496335,0.13724957,0.0069155036,0.45134872,0.42167443,0.3328723,0.6361409,0.72695273,Intermediate
0.64321965,0.35024998,0.1487401,0.07878081,0.8020672,0.8493815,0.2610053,0.01770054,0.76346123,0.2685532,0.93277204,0.9803021,0.75726897,Beginner
0.42808303,0.17651543,0.29660437,0.13916716,0.82210827,0.5312963,0.74632025,0.018613175,0.746382,0.27568698,0.98458505,0.47388887,0.70535934,Beginner
0.5958815,0.6860848,0.51491797,0.64242005,0.3886103,0.55349797,0.20984869,0.014775046,0.13585442,0.5138893,0.22106439,0.6425079,0.4243981,Intermediate
0.8873105,0.8081781,0.84169406,0.87015563,0.17526743,0.032568287,0.083077386,0.109781824,0.015511689,0.99752027,0.11285181,0.20149112,0.18084015,Placement-Ready
0.6600018,0.6005225,0.4405536,0.6524672,0.6209328,0.33736113,0.220427,0.048764043,0.33903134,0.41377586,0.25292864,0.46237862,0.3373397,Intermediate
0.6081739,0.4244498,0.23056167,0.29337305,0.8424187,0.40712762,0.56262606,0.008995237,0.88603115,0.21215709,0.7053583,0.6364813,0.92280626,Beginner
0.59898335,0.56576806,0.22414072,0.3719305,0.4336723,0.56933403,0.5729829,0.06957926,0.22279538,0.18405025,0.36477196,0.23212118,0.47892338,Intermediate
0.6898592,0.6101999,0.61718345,0.7805515,0.42514938,0.4782617,0.28288916,0.07161713,0.23056254,0.6011896,0.43326,0.61238056,0.5009778,Intermediate
0.23956631,0.20579398,0.17616034,0.22430196,0.91723984,0.6718261,0.28287485,0.020329325,0.43258196,0.17647997,0.8169805,0.67994153,0.93130153,Beginner
0.39378142,0.20220612,0.17100617,0.012517757,1.0,0.8494132,0.4339859,0.008642371,0.47262472,0.32204974,0.5370184,0.6671714,0.78697664,Beginner
0.76938254,0.60591185,0.5747999,0.74964917,0.5644244,0.29484728,0.18720539,0.050200332,0.21859545,0.619959,0.3120829,0.45828652,0.6964962,Intermediate
0.93030906,0.8516698,0.81920224,0.80444485,0.12542295,0.050827693,0.10150464,0.17622766,0.086540245,1.0,0.08037785,0.1640715,0.020703455,Placement-Ready
0.5832816,0.7088447,0.3500529,0.5803838,0.34751406,0.23750064,0.19472492,0.032391254,0.39800525,0.30847344,0.45998526,0.56280696,0.60307527,Intermediate
0.723457,0.68010825,0.64146954,0.5021864,0.28449243,0.37436917,0.21702568,0.0665391,0.13882524,0.5936884,0.46243346,0.45004573,0.6091104,Intermediate
0.86797714,0.77045274,0.90557754,0.8538414,0.24676023,0.14268267,0.050801493,0.19148025,0.07517071,0.76900893,0.10693105,0.06816257,0.38064584,Placement-Ready
0.730784,0.80814356,0.64061046,0.7543347,0.3236031,0.115890086,0.098789126,0.12753552,0.08793569,0.7030396,0.14229791,0.08441247,0.16686842,Placement-Ready
0.5979851,0.7087296,0.4472533,0.5606233,0.3682715,0.21115594,0.19591993,0.06649798,0.21512888,0.5178221,0.23303288,0.27237034,0.779161,Intermediate
0.39974695,0.3224742,0.2531602,0.09794781,0.7568781,0.69303656,0.5033062,0.01659826,0.4732013,0.14909378,0.5609741,0.7067466,0.91302836,Beginner
0.5180261,0.60038996,0.5917325,0.5791224,0.54033613,0.47432092,0.23516679,0.0,0.449428,0.29369676,0.4022238,0.5235284,0.5701821,Intermediate
0.77582824,0.5150326,0.4663928,0.59882784,0.3150719,0.5856444,0.05,0.032246806,0.22356503,0.09090909,0.1324525,0.54379344,0.60454255,Intermediate
0.5981674,0.32340243,0.2001177,0.3940638,0.81272066,0.42493954,0.3765627,0.009431405,0.6619998,0.17667377,0.9328456,0.35733473,0.8172305,Beginner
0.53785473,0.56260645,0.4383645,0.5331846,0.39488545,0.5772688,0.1487506,0.08768967,0.11492733,0.58472395,0.24290448,0.31335628,0.79753196,Intermediate
0.4156592,0.30538973,0.11389903,0.31688902,0.8864991,0.8223508,0.7893154,0.015923712,0.5179941,0.17537847,0.7636687,0.6661549,0.9197861,Beginner
0.6879553,0.5483832,0.34668037,0.46055806,0.60458934,0.56185764,0.05,0.0451865,0.28267756,0.41826764,0.22033326,0.5620601,0.74140435,Intermediate
0.4972616,0.27765372,0.27712005,0.3067885,0.78074235,0.5929809,0.29703057,0.08849355,0.77127975,0.20128125,0.5631392,0.6759771,0.8462381,Beginner
0.8893036,0.44949913,0.66131777,0.5595858,0.30579868,0.16172075,0.20472151,0.037877142,0.32212403,0.7471876,0.23904943,0.23901537,0.5504732,Intermediate
0.65078425,0.5967394,0.52924335,0.6636821,0.46247953,0.5503462,0.16126986,0.011169236,0.14997487,0.511032,0.5165106,0.27053577,0.70313215,Intermediate
0.62676704,0.19574223,0.1262213,0.30572438,0.70908386,0.76745373,0.42295027,0.012447091,0.8606556,0.23510598,0.68813795,0.68857986,0.7711202,Beginner
0.5964402,0.5019991,0.5609772,0.517896,0.54025817,0.46706295,0.3380563,0.037532404,0.42367727,0.5634287,0.36233866,0.4076086,0.6243908,Intermediate
0.9934139,0.86567855,0.74838257,0.89561576,0.16406211,0.10025731,0.07033979,0.12438878,0.029857576,0.81148124,0.13963905,0.16519812,0.34738055,Placement-Ready
0.6068402,0.8218725,0.43598405,0.6186689,0.25484818,0.535491,0.21926388,0.024120819,0.47827515,0.6503911,0.47641233,0.22155744,0.83603144,Intermediate
0.8140963,0.66516626,0.3758094,0.64178336,0.36400238,0.44181713,0.38964656,0.0037882815,0.41958785,0.24467432,0.44739932,0.35444617,0.41734928,Intermediate
0.75893253,0.39067873,0.2530518,0.22201498,0.7239838,0.7003799,0.65856576,0.0,0.28612208,0.123919785,0.7810709,0.61410904,0.97737455,Beginner
0.7090254,0.7579461,0.38025653,0.64467525,0.4516343,0.5236036,0.33522934,0.04802869,0.092533074,0.37751636,0.40105152,0.7281563,0.41656008,Intermediate
0.69367045,0.5163333,0.4054151,0.6555306,0.39936897,0.59608996,0.33291414,0.041733596,0.2925681,0.63098425,0.4719858,0.43564808,0.45224443,Intermediate
0.1635333,0.3324259,0.40225944,0.014088521,0.77923757,0.72261834,0.33117944,0.0014761689,0.43097427,0.09090909,0.7338008,0.5595553,0.838149,Beginner
0.7339508,0.46480927,0.42208484,0.6873804,0.25527206,0.27080283,0.30678704,0.020715708,0.28364038,0.471277,0.31444436,0.2649946,0.5889999,Intermediate
1.0,0.88349533,0.82354057,0.9691718,0.08698213,0.05848393,0.06909826,0.1681122,0.0153679885,0.7544206,0.007379081,0.24195345,0.1457468,Placement-Ready
0.99994075,0.9011655,0.75255394,0.94605035,0.11721485,0.14459452,0.09819934,0.124043226,0.10695931,0.8229799,0.0040948642,0.2282372,0.2114757,Placement-Ready
0.42719686,0.31241566,0.27678275,0.276497,0.6401333,0.64481306,0.8853186,0.013662462,0.76806384,0.2045723,0.8713674,0.5905781,0.7078986,Beginner
0.8810038,0.77434,0.7214923,0.9569266,0.0826088,0.14926115,0.10913382,0.11393853,0.073007196,0.7926441,0.096062824,0.3281153,0.34711507,Placement-Ready
0.5912264,0.5626098,0.6432777,0.38795146,0.5444711,0.21347605,0.32796764,0.026948854,0.21072479,0.1739804,0.5224558,0.5362246,0.69505477,Intermediate
0.43240792,0.3401207,0.23958002,0.19997376,0.8042216,0.75233996,0.7266337,0.01178293,1.0,0.09090909,0.86317134,0.64381343,0.80025756,Beginner
0.82810915,0.7367489,0.7826032,0.78190786,0.16878805,0.06847373,0.096137054,0.10658361,0.084889166,0.71862584,0.13392588,0.25391442,0.19697648,Placement-Ready
0.421976,0.19959454,0.21236286,0.03685044,0.7795767,0.5950416,0.7830781,0.0064421347,0.5766468,0.124040194,1.0,0.6018136,1.0,Beginner
0.22767258,0.34695718,0.27712828,0.23154087,0.6607272,0.7170376,0.502684,0.0044150352,0.66779876,0.1129098,0.51504755,0.44838282,0.60760874,Beginner
0.96773815,0.8431602,0.75876427,0.83492756,0.11695979,0.10465857,0.07173249,0.09415519,0.019618565,0.7520492,0.055625428,0.13082977,0.17677167,Placement-Ready
0.688704,0.4706605,0.28988716,0.25109732,0.7368358,0.817363,0.3554253,0.015367146,0.4170618,0.23823166,0.7258594,0.59176034,0.6937385,Beginner
0.7336576,0.56834954,0.32013747,0.7294795,0.43380255,0.20180742,0.17953639,0.021033522,0.27368572,0.39749497,0.39008102,0.42482746,0.78445053,Intermediate
0.6476241,0.5157072,0.56428623,0.5340401,0.44340685,0.37357157,0.25742736,0.02933494,0.4485092,0.29689172,0.16694821,0.50510406,0.8404266,Intermediate
0.6134791,0.54317445,0.45784393,0.36571103,0.29965347,0.15762852,0.3845875,0.062870406,0.41789612,0.5348407,0.3200361,0.6691021,0.5083856,Intermediate
0.8169339,0.8196148,0.95458144,0.86622244,0.31752625,0.0,0.093768544,0.04104841,0.049988225,0.92101973,0.1302734,0.08605842,0.32390904,Placement-Ready
0.39695087,0.08694335,0.2814566,0.27584758,0.867907,1.0,0.18317741,0.025134493,0.5425105,0.20793898,0.7431732,0.58636457,0.7316201,Beginner
0.06570174,0.17094773,0.26957512,0.0,0.96929383,0.8754236,0.60821927,0.015873406,0.70575494,0.17119335,0.54391664,0.795091,0.9688676,Beginner
0.63396335,0.18368106,0.16113569,0.27444065,0.8203948,0.7561857,0.70425904,0.011006662,0.6530112,0.17772484,0.92231,0.8648513,0.65731865,Beginner
0.43757924,0.2567226,0.28350547,0.21431486,0.7547092,0.86795646,0.45760536,0.0,0.5678738,0.13780236,0.6050631,0.6236932,0.85898066,Beginner
0.7587835,0.67850703,0.536587,0.7639574,0.48719934,0.28893843,0.19108209,0.030034546,0.3826925,0.3181629,0.43000707,0.648446,0.46814755,Intermediate
0.9120862,0.8614644,0.7843781,0.8574244,0.16551733,0.16510381,0.094018616,0.13241336,0.027647277,0.85283446,0.10505729,0.2699952,0.082695246,Placement-Ready
0.9484236,0.85731214,0.81078666,0.90147626,0.27513692,0.08381056,0.05,0.08806333,0.011886132,0.8825174,0.22099847,0.14423664,0.35740554,Placement-Ready
0.8526313,0.433573,0.7893619,0.52723813,0.5135037,0.2688117,0.40382656,0.033970024,0.12124213,0.42611277,0.23618692,0.539445,0.59229076,Intermediate
0.5771221,0.5537326,0.4065011,0.55343825,0.45519695,0.36501536,0.35850418,0.013340637,0.47974506,0.37928963,0.23254588,0.5810608,0.5903133,Intermediate
0.16901493,0.27488822,0.14222702,0.25954956,1.0,0.4590862,0.43995544,0.006416222,0.5236738,0.24910234,0.7239683,0.7123704,0.7249072,Beginner
0.632303,0.47623974,0.2524196,0.7283482,0.41114324,0.35297132,0.41986883,0.040229127,0.17875206,0.50964856,0.35034785,0.3619817,0.4803502,Intermediate
0.71883446,0.49541754,0.32979286,0.70019746,0.29584733,0.21033147,0.19850154,0.07115086,0.24484141,0.33978024,0.44551286,0.6062925,0.8500599,Intermediate
0.5281004,0.40953493,0.10215841,0.1852737,0.6819356,0.48536927,0.5625702,0.017092826,0.6312656,0.25450945,0.9287934,0.5921552,1.0,Beginner
0.49114132,0.49094167,0.10811459,0.31755632,0.6940703,0.6469312,0.48152122,0.00385761,0.6097043,0.106277265,0.79056853,0.6424643,0.77132624,Beginner
0.03933916,0.23133408,0.17907318,0.4028398,0.6727371,0.83451575,0.8348376,0.01489203,0.31102052,0.12691037,1.0,0.57642144,1.0,Beginner
0.41924128,0.24751645,0.16126727,0.34385595,0.5993496,0.55681163,0.6354759,0.017913638,0.6611048,0.1614648,0.7041917,0.8015663,0.90308017,Beginner
0.38946834,0.25386277,0.26163903,0.15184864,0.71158844,0.621918,0.7727893,0.010862547,0.50783354,0.14787003,0.7505821,0.8933262,0.6516176,Beginner
0.6627682,0.77654546,0.58586544,0.5327091,0.51600486,0.44680953,0.15674406,0.0074218516,0.33892182,0.45710856,0.19733608,0.6269307,0.6775913,Intermediate
0.6996824,0.47372827,0.53036,0.4930831,0.49965814,0.13908187,0.3065255,0.019151315,0.24718425,0.30940303,0.5282916,0.24907617,0.581691,Intermediate
0.73094654,0.50961596,0.45107433,0.7270868,0.4025277,0.22147787,0.25787282,0.05811844,0.06209711,0.68012965,0.5147284,0.4680001,0.5699878,Intermediate
0.8688157,0.6566327,0.5824813,0.748012,0.33723372,0.15676127,0.2700094,0.018134061,0.6680908,0.65302247,0.5596772,0.45936704,0.682586,Intermediate
0.72539157,0.5752637,0.6222418,0.76767534,0.31697655,0.44933784,0.3546879,0.049560726,0.0,0.48826683,0.39137167,0.30788657,0.56187683,Intermediate
0.21422808,0.32208976,0.12791802,0.13425185,0.69388014,0.726731,0.67489713,0.007597738,0.5269635,0.13606876,0.907127,0.22205848,0.7629587,Beginner
0.7795433,0.6229174,0.55237406,0.5813913,0.29740566,0.3836971,0.11651732,0.046595566,0.54541576,0.5667535,0.1892257,0.43913564,0.47484356,Intermediate
0.5301908,0.6974935,0.34375575,0.64525706,0.48847058,0.35361362,0.19859259,0.070112996,0.14118248,0.30543995,0.35377663,0.51311445,0.7395109,Intermediate
0.83422536,0.5869832,0.40814963,0.47564667,0.46551004,0.16952924,0.22988138,0.019895138,0.34388977,0.444372,0.29569075,0.2955653,0.4714298,Intermediate
0.82507885,0.5577174,0.5669886,0.60954046,0.36589977,0.094066896,0.2854189,0.05948635,0.4630922,0.40885824,0.21995217,0.31281525,0.15026893,Intermediate
0.61370254,0.24617629,0.14124696,0.0,1.0,0.5699594,0.51751596,0.05663338,0.7943861,0.19485718,0.6260452,0.59116554,1.0,Beginner
0.423323,0.39681026,0.24887888,0.056659665,1.0,0.77627534,0.7029343,0.007861608,0.82263565,0.09090909,0.84147435,0.338055,0.88126504,Beginner
0.8786577,0.580895,0.61652935,0.71010584,0.40062663,0.21301654,0.1821841,0.06415744,0.380073,0.63190866,0.4367153,0.30705434,0.8165462,Intermediate
0.59149677,0.24968365,0.13891153,0.1744487,0.6067783,0.78432167,0.3087907,0.015921094,0.72561574,0.09090909,0.9824728,0.7270414,0.88996375,Beginner
0.69842225,0.5765257,0.3140873,0.6160185,0.46747336,0.6047592,0.3360401,0.012013958,0.3444018,0.21419743,0.33361694,0.4668565,0.754481,Intermediate
0.48294786,0.35535696,0.199416,0.3798535,0.77231157,0.59225065,0.44820586,0.002914459,0.545518,0.29397494,0.62923574,0.67827135,0.7211973,Beginner
0.2876032,0.4031063,0.22868341,0.30551517,1.0,0.5441095,0.35330638,0.016671216,0.9893086,0.15813649,1.0,0.66446507,0.71829355,Beginner
0.686487,0.61618304,0.61217403,0.7279647,0.31859288,0.33360073,0.34016195,0.018155199,0.0043918076,0.48540673,0.35956156,0.341655,0.51320237,Intermediate
0.9331797,0.92302865,0.76193297,0.65855503,0.30647314,0.025355607,0.09238666,0.11470909,0.119901545,0.77620983,0.03735287,0.11017866,0.27542958,Placement-Ready
0.17819257,0.27044976,0.21147767,0.055653278,0.7504763,0.8509775,0.52181536,0.012949039,0.64987403,0.18071423,0.6442227,0.7488221,0.60955596,Beginner
0.48893192,0.67818815,0.26091805,0.61331695,0.48659852,0.43825734,0.24506393,0.0802319,0.19362901,0.43152288,0.37507203,0.49767613,0.68399465,Intermediate
0.5156632,0.3030807,0.3432602,0.18682212,0.72644746,0.84233916,0.27540502,0.0009852326,0.819497,0.09090909,0.47714233,0.9302791,0.63274187,Beginner
0.6849412,0.59052926,0.41003987,0.4869883,0.26677594,0.042904533,0.23834066,0.015241567,0.34705016,0.5887658,0.3451944,0.45659816,0.36887163,Intermediate
0.23289293,0.26253772,0.18158643,0.17886409,0.7881576,0.36258563,0.37973467,0.0058050617,0.84150064,0.10783512,0.7770702,0.6839814,0.95575,Beginner
0.26774734,0.4085982,0.17712292,0.34696692,0.84675974,0.99572754,0.5553068,0.104268216,0.59611607,0.15425639,0.8699913,0.4075534,0.6735581,Beginner
0.5870343,0.39553887,0.124197416,0.14274202,0.6260628,0.49646288,0.62928283,0.020505505,0.56302464,0.09090909,0.8759917,0.9028553,0.7224509,Beginner
0.8659447,0.8670338,0.68856263,0.8642325,0.15772787,0.0050421846,0.05,0.07346201,0.03968005,0.87463593,0.09618942,0.17460424,0.14414768,Placement-Ready
0.78375447,0.9874998,0.7769228,0.89014477,0.106639914,0.1678251,0.10948485,0.17364052,0.06364242,1.0,0.1389859,0.040710222,0.24244867,Placement-Ready
0.48770523,0.41302198,0.16605256,0.16073367,0.69383466,0.47923577,0.34571776,0.00070718373,0.5411803,0.20643969,0.8150209,0.5737157,0.74192154,Beginner
0.8361623,0.60062236,0.46969223,0.7465706,0.59118944,0.38140208,0.17472425,0.019700997,0.2618969,0.5362631,0.2688869,0.6846021,0.49507657,Intermediate
0.32542464,0.19601935,0.1713883,0.23352268,0.9353354,0.7511405,0.6615353,0.0019546351,0.4238492,0.34533864,0.63971984,0.89843124,0.77083266,Beginner
0.5989703,0.52062094,0.37977967,0.6003745,0.33987814,0.0,0.31203386,0.049654413,0.4951113,0.3052811,0.25521076,0.4947929,0.7883919,Intermediate
0.3645755,0.111815095,0.17610201,0.2611414,0.8156451,0.5658487,0.85314155,0.0038396588,0.79389143,0.22065403,0.6530659,0.91629666,0.65676355,Beginner
0.66994846,0.64513314,0.52102256,0.57836044,0.33204857,0.21979043,0.2137338,0.07541674,0.090506256,0.63736355,0.31720677,0.56722116,0.7249741,Intermediate
0.8323762,0.4482186,0.4515868,0.565786,0.53869087,0.6529509,0.23703593,0.018870601,0.104081884,0.5598004,0.38497886,0.35889485,0.42386582,Intermediate
0.9210157,0.9064669,0.7114507,0.8231144,0.1619658,0.10202702,0.09189369,0.056327898,0.013742804,0.7934356,0.066318095,0.0,0.33337998,Placement-Ready
0.28890407,0.31503937,0.24734049,0.4751405,0.93423027,0.63346446,0.42031705,0.015002076,0.33595335,0.34831443,0.926916,0.57962364,0.59442383,Beginner
0.95770293,0.88546354,0.810466,0.9058401,0.16238,0.089115135,0.07525129,0.130888,0.016398447,0.7506789,0.0597885,0.11864417,0.1463269,Placement-Ready
0.37660906,0.21287543,0.21833284,0.42486677,0.86975735,0.7636578,0.33605182,0.015621286,0.73289067,0.20620598,0.7821424,0.6289728,0.8779283,Beginner
0.8789791,0.5830756,0.38757044,0.62302655,0.35915005,0.26088744,0.2426527,0.027887193,0.4543316,0.20795336,0.28325832,0.54152006,0.6513179,Intermediate
0.6239172,0.27188745,0.26634774,0.41944322,0.6974451,0.7348401,0.6676715,0.0028007287,0.6040834,0.09090909,0.48464245,0.70501196,0.75393504,Beginner
0.62322706,0.7645635,0.36717644,0.6402273,0.609925,0.2740665,0.25687617,0.072420456,0.4426916,0.40984336,0.23799235,0.41502962,0.81717867,Intermediate
0.26111156,0.2935796,0.09410968,0.29464978,0.6243797,0.6782535,0.52558714,0.013267598,0.4894418,0.12769948,0.96537846,0.692685,0.7326739,Beginner
0.62286025,0.7469266,0.640654,0.61208254,0.36896762,0.4874465,0.28287065,0.07018118,0.28163207,0.42979896,0.4293285,0.5450493,0.573898,Intermediate
0.501269,0.53284097,0.33751342,0.6260992,0.40005395,0.42544433,0.23954487,0.018755117,0.3770282,0.716667,0.3491055,0.38611132,0.38578993,Intermediate
0.4608018,0.65469605,0.50170004,0.51199955,0.47639453,0.37326208,0.1180805,0.006981868,0.13065551,0.7808653,0.3867332,0.47829184,0.57275087,Intermediate
0.9281446,0.8554925,0.8230506,0.91614676,0.2077649,0.034917194,0.11961277,0.14364862,0.1506965,0.88064975,0.0652608,0.26073122,0.2501187,Placement-Ready
0.6651692,0.63923687,0.31936044,0.45790106,0.3886403,0.22835046,0.25106934,0.057082884,0.42795905,0.60835344,0.25131163,0.5249122,0.6738785,Intermediate
0.879893,0.9000258,0.7504963,0.8782645,0.15308766,0.05041685,0.05,0.15675986,0.06850848,0.9024039,0.096519835,0.08902,0.31658992,Placement-Ready
0.56398726,0.66991186,0.3680052,0.71552044,0.3595489,0.4112963,0.17989738,0.07928541,0.19359761,0.61525387,0.26984254,0.68628687,0.6274437,Intermediate
0.640588,0.58239967,0.68446106,0.4902075,0.46189275,0.123885065,0.1533858,0.04463713,0.48136798,0.33010817,0.18905282,0.49085286,0.66493297,Intermediate
0.36775324,0.45193362,0.22933294,0.12626727,0.7146976,0.985487,0.7819925,0.016219396,0.67128253,0.12171481,0.7199143,0.63831156,0.8659489,Beginner
0.8996554,0.85497725,0.8546925,0.9017198,0.13926479,0.0,0.0706118,0.028097384,0.0004491332,0.7841557,0.04588146,0.21563505,0.32376796,Placement-Ready
0.6683316,0.7998415,0.41766787,0.5856064,0.33004308,0.14867106,0.33855274,0.05946892,0.34255177,0.5127441,0.21774326,0.29914573,0.6056471,Intermediate
0.72456026,0.69625103,0.45047912,0.49579272,0.3676743,0.32644933,0.17823644,0.0120342355,0.21625836,0.46822587,0.12153866,0.41789132,0.43555567,Intermediate
0.55922586,0.30465284,0.31470552,0.28706232,0.822924,0.6498921,0.14737064,0.07562467,0.83082724,0.09090909,0.7485452,0.79874706,0.75686014,Beginner
0.43766224,0.3049328,0.27779576,0.2061663,1.0,0.74701065,0.5454133,0.004090227,0.81944406,0.2606534,0.67539686,0.7364677,0.61897326,Beginner
0.43188232,0.22828181,0.0574117,0.091413304,0.79483056,0.55033994,0.5865445,0.0021260737,0.44352922,0.25937867,0.7871221,0.64855033,0.9054757,Beginner
0.6088573,0.777685,0.4194425,0.61019117,0.3512131,0.3854419,0.29576096,0.019282047,0.29900756,0.61691755,0.51138026,0.4304979,0.6062522,Intermediate
0.56645346,0.5413749,0.65522915,0.6612486,0.39843124,0.35948122,0.2816611,0.057692036,0.48917183,0.45170143,0.3531577,0.5577268,0.71036625,Intermediate
0.28961554,0.2886408,0.17652637,0.4016627,0.8310421,0.60237545,0.505849,0.02017415,0.92001957,0.32075742,0.86355484,0.61210626,0.41101834,Beginner
0.91932774,0.684614,0.7228484,0.6982965,0.3358019,0.25494364,0.06958773,0.0052476027,0.20816013,0.62731886,0.24022473,0.3485358,0.70494545,Intermediate
0.8934517,0.826859,0.97732705,0.75539446,0.23425378,0.080925375,0.05363834,0.12912005,0.0,0.8095009,0.07718394,0.025910635,0.27063826,Placement-Ready
0.7467204,0.7469451,0.47801554,0.50265366,0.4273792,0.29951695,0.15890819,0.07109153,0.2569191,0.19980961,0.4016899,0.38427728,0.68667483,Intermediate
0.61384666,0.71306884,0.49599192,0.5829493,0.5127086,0.41440257,0.39937943,0.032147206,0.10514558,0.21600096,0.4505959,0.5852383,0.5601543,Intermediate
0.92094666,0.58995026,0.54334444,0.59736633,0.33078626,0.44859532,0.284209,0.07173271,0.4080671,0.48006555,0.20174639,0.33154267,0.84855163,Intermediate
0.66522765,0.7264184,0.7738062,0.6410038,0.2684333,0.23421526,0.101167455,0.00723074,0.2584145,0.43591672,0.17118949,0.2739594,0.6141173,Intermediate
0.58981,0.5896312,0.6607125,0.47155017,0.4274902,0.59819967,0.17933783,0.042807978,0.6517957,0.51923513,0.23925631,0.57039374,0.51478595,Intermediate
0.8869887,0.8956974,0.6537746,0.9535179,0.17733711,0.026217174,0.05,0.21342184,0.10910485,0.82696295,0.13574055,0.13323545,0.15955675,Placement-Ready
0.26805642,0.21461768,0.16854534,0.33387437,0.697311,0.70235175,0.6030055,0.10706415,0.30577472,0.2123889,0.6394456,0.80850875,0.9160169,Beginner
0.38027456,0.28891873,0.18894055,0.24328955,0.8423603,0.8536956,0.600846,0.016045641,0.92767197,0.2164827,0.7967479,0.42216337,0.4843124,Beginner
0.50530314,0.6816997,0.6048602,0.5110119,0.39686447,0.23356912,0.17009848,0.055253845,0.6937709,0.545086,0.19820227,0.5663693,0.68713325,Intermediate
0.58223575,0.6566612,0.6125673,0.46619752,0.3190724,0.11302652,0.27143523,0.033268187,0.5494547,0.5104285,0.27942652,0.35383314,0.37579948,Intermediate
0.08091324,0.36598495,0.13064472,0.124267004,0.894852,0.6679258,0.78355443,0.020905474,0.47101432,0.25393295,0.6366809,0.9849674,0.71684515,Beginner
0.68126106,0.5811589,0.5467259,0.7515423,0.36969072,0.40556645,0.32268706,0.061460666,0.20783646,0.4676878,0.36570477,0.2807473,0.7895309,Intermediate
0.44010133,0.22122163,0.1703322,0.22982274,0.7208531,0.42310503,0.74958205,0.0021418382,0.6478494,0.37037116,0.6120923,0.27045688,0.7656795,Beginner
0.7477601,0.61442536,0.40569368,0.5638224,0.39340565,0.30703864,0.27152386,0.014630614,0.27274358,0.5213398,0.30909464,0.3668796,0.48546892,Intermediate
0.5532874,0.59830934,0.5477149,0.605727,0.48443496,0.39342132,0.21852738,0.010524971,0.32378373,0.16333316,0.25796562,0.3724243,0.6221189,Intermediate
0.8245353,0.60761905,0.45978412,0.4891317,0.22761655,0.55646783,0.29847017,0.06618368,0.33766043,0.34472397,0.2619788,0.3749191,0.537471,Intermediate
0.9543654,0.8876157,0.825665,0.8992423,0.16731659,0.020651316,0.114243865,0.03433762,0.046576157,0.9197418,0.103843324,0.081669256,0.1862176,Placement-Ready
0.89072645,0.85644436,0.69570905,0.8552443,0.12366926,0.027453123,0.064937904,0.049233593,0.07759238,0.9162768,0.0,0.14946684,0.20032182,Placement-Ready
0.5708544,0.50293374,0.5914388,0.41129684,0.37021047,0.4727434,0.2916659,0.04086446,0.32863855,0.46915618,0.27309108,0.4183748,0.9353141,Intermediate
0.61052215,0.3103438,0.38336608,0.28328303,0.78832483,0.76831234,0.5977816,0.004276594,0.764656,0.20234196,0.752642,0.5036951,0.95642096,Beginner
0.64400744,0.50398064,0.43874976,0.39800104,0.6063446,0.22630648,0.22059458,0.06449205,0.30078322,0.37390873,0.28216925,0.35871157,0.5618315,Intermediate
0.58117247,0.38294056,0.043109175,0.27827376,0.9072964,0.49821207,0.8287508,0.013741067,0.51694244,0.2393438,1.0,0.67727995,0.8297865,Beginner
0.70690274,0.57219136,0.49217364,0.5545023,0.25050217,0.5259798,0.05,0.030705506,0.23523386,0.7468388,0.28790435,0.49746937,0.46837658,Intermediate
0.51213866,0.23732828,0.28899148,0.364375,0.86862946,0.8287644,0.7032357,0.0056864526,0.6863845,0.25458267,0.8631437,0.828337,0.8849965,Beginner
0.82593566,0.7398596,0.8090184,0.78914547,0.22234227,0.00012680069,0.061527196,0.06588975,0.07173054,0.9226225,0.10031751,0.063125096,0.14542362,Placement-Ready
0.60259396,0.42482573,0.57460904,0.56675184,0.3289975,0.47781202,0.3339225,0.00091445434,0.20211032,0.7705704,0.3700086,0.55141556,0.77593416,Intermediate
0.7007577,0.7940521,0.32945502,0.680826,0.41993263,0.16954984,0.05,0.021856034,0.48136315,0.6038952,0.2845617,0.39565906,0.47158545,Intermediate
0.28865764,0.25438792,0.23451413,0.32140353,0.70805323,0.6580503,0.41466033,0.0107005,0.43031427,0.23392071,0.48212004,0.59605557,0.8361329,Beginner
0.6734776,0.72243464,0.4394203,0.44955635,0.42130905,0.2649588,0.19740473,0.05497995,0.2510276,0.7697649,0.29102057,0.54267573,0.3087459,Intermediate
0.527246,0.3133541,0.20780241,0.33497304,0.935172,0.60210156,0.3337534,0.0,0.7015983,0.09090909,0.42706642,0.70828676,1.0,Beginner
0.20420302,0.2331545,0.14015242,0.039485816,0.8058458,0.9909134,1.0,0.10521171,0.82333624,0.2029177,0.8248325,0.5986777,0.82340926,Beginner
0.5439386,0.3598739,0.14638092,0.00694983,0.91300535,0.66387296,0.5688869,0.017256405,0.8020828,0.29306456,0.5737738,0.8638842,0.7305146,Beginner
0.31874692,0.2622882,0.10196709,0.37270153,0.6021013,0.51441616,0.6176472,0.018963603,1.0,0.23477682,0.9869745,0.4681915,1.0,Beginner
0.36622372,0.35667717,0.1674102,0.24412419,0.89837825,1.0,0.7616072,0.003988502,0.51524806,0.14059871,0.48065352,0.60048646,0.8879395,Beginner
0.90053517,0.74667877,0.709524,0.9414903,0.16077594,0.14494334,0.07424996,0.08868098,0.013299737,0.8860545,0.0,0.08863715,0.17463899,Placement-Ready
0.8546231,0.8532225,0.72164077,0.7430415,0.19675425,0.107844345,0.07105383,0.09333082,0.025839295,0.7639792,0.124166176,0.0,0.3151725,Placement-Ready
0.8716846,0.51617694,0.265064,0.64567006,0.3769547,0.3461019,0.34231782,0.06794277,0.086660974,0.70223916,0.43713105,0.4077692,0.48131257,Intermediate
0.36513293,0.16487096,0.1959897,0.12947947,0.81069034,0.6650488,0.63535243,0.011142607,0.4026682,0.23880701,0.74268514,0.50172067,1.0,Beginner
0.6499059,0.5277187,0.7247755,0.5150583,0.46770024,0.5463262,0.3306332,0.06244979,0.4020264,0.5987436,0.3381266,0.44405368,0.39465892,Intermediate
0.37486118,0.3058023,0.28787446,0.0,0.7006616,0.75169253,0.84001577,0.00691587,0.22468945,0.23815559,0.65469563,0.47155,0.7250786,Beginner
0.59738237,0.6512485,0.30654618,0.5408923,0.6174838,0.34893548,0.3826994,0.028347975,0.2466484,0.42513126,0.5341097,0.40410903,0.31718367,Intermediate
0.6736172,0.7576523,0.54412806,0.46415246,0.3410483,0.26517782,0.24564543,0.053104475,0.5843362,0.19323172,0.29582253,0.40266484,0.7419823,Intermediate
0.81439227,1.0,0.734291,0.97646517,0.16550878,0.12799421,0.10987583,0.20005251,0.020781724,0.785692,0.07512728,0.04596163,0.24392642,Placement-Ready
0.31145853,0.3572583,0.33194843,0.36095604,0.8006112,0.6229595,0.73964465,0.014193031,0.77903867,0.23956107,0.9074329,0.5697147,0.95808727,Beginner
0.42733425,0.25790155,0.24318199,0.49904808,0.9223354,0.67109644,0.8402428,0.00760486,0.1923751,0.09090909,0.4693812,0.597273,0.8022102,Beginner
0.9322602,0.82152885,0.76385623,0.75145346,0.18104267,0.13352612,0.09690928,0.11272512,0.10320416,1.0,0.06102755,0.20532118,0.0,Placement-Ready
0.420667,0.26658636,0.11242808,0.27539206,0.8053318,0.9909802,0.42796147,0.029820016,0.6757621,0.21616629,0.6610392,0.69720596,0.8567661,Beginner
0.6757086,0.72771925,0.69004923,1.0,0.40415892,0.59306014,0.35126352,0.071145914,0.56613594,0.3973664,0.2401578,0.49796483,0.57259506,Intermediate
0.65473235,0.47256938,0.22974756,0.34041008,0.8066406,0.6199,0.15161681,0.012647581,0.44487867,0.109060414,0.6751519,0.9117292,1.0,Beginner
0.85498655,0.8916359,0.8242792,1.0,0.1205007,0.042440914,0.09539805,0.121630825,0.026847452,0.9506829,0.0640059,0.07865127,0.29262102,Placement-Ready
0.5556885,0.6425842,0.3578143,0.43634,0.56729895,0.28682977,0.15570366,0.08169584,0.45166454,0.6282809,0.18599497,0.22123416,0.619975,Intermediate
0.9603248,0.9565015,0.9135961,0.8544945,0.21104783,0.091695584,0.08701921,0.1523078,0.13586973,0.8901618,0.02277369,0.19766699,0.29308048,Placement-Ready
0.13577117,0.12990065,0.18748057,0.10241567,0.76500565,0.81729543,0.7974618,0.020179614,0.86210877,0.16159883,0.5779562,0.6328114,0.8759921,Beginner
0.6283733,0.65842885,0.5177612,0.83204746,0.37348384,0.0,0.05,0.023098594,0.80768085,0.44953775,0.43302378,0.6010814,0.40996388,Intermediate
0.84084517,0.8430201,0.7152738,0.7795273,0.13869235,0.03950748,0.0944059,0.15979613,0.0,0.7662059,0.10274731,0.2342002,0.32371414,Placement-Ready
0.6441763,0.6487268,0.51545024,0.5918231,0.3799555,0.38269588,0.51980406,0.05614541,0.39679456,0.51427597,0.26846197,0.6440984,0.55632544,Intermediate
0.7217958,0.7832245,0.48448342,0.55081826,0.46220648,0.51773643,0.23722927,0.042621944,0.0,0.34845334,0.1632826,0.5526937,0.5634146,Intermediate
0.6118326,0.5952848,0.476795,0.6920515,0.46508503,0.41222006,0.27212447,0.024088303,0.4153023,0.56215286,0.5749329,0.5206177,0.6948688,Intermediate
0.2220476,0.40728867,0.24603495,0.21565977,0.47443673,0.68864685,0.706697,0.008355355,0.59548444,0.16494387,0.7017441,0.6613816,0.76727664,Beginner
0.54537714,0.37589818,0.25584626,0.43388563,0.8547472,0.99721634,0.7080036,0.019689048,0.53529704,0.18311702,0.8866417,0.89194673,0.88750845,Beginner
0.9038109,0.91922456,0.83935755,0.7186168,0.21236606,0.029562466,0.07006213,0.059541654,0.07211397,0.8326334,0.16071749,0.04123286,0.31086963,Placement-Ready
0.5749526,0.6929422,0.6561623,0.65304846,0.44157255,0.3600784,0.20399979,0.06653252,0.38750204,0.40993586,0.60505277,0.22353016,0.5651803,Intermediate
0.28708762,0.27763334,0.24644907,0.18215801,0.8131776,0.8063035,0.79212266,0.07647506,0.5656379,0.16848803,1.0,0.7924834,0.6893812,Beginner
0.818913,0.79561013,0.42613846,0.52473205,0.28310192,0.10825402,0.32184118,0.054203186,0.3015732,0.26362866,0.4967948,0.3744965,0.68004394,Intermediate
0.43161717,0.35085353,0.2538103,0.008341029,0.8094162,0.55259037,0.6342374,0.06496299,0.3630096,0.32772133,0.9104171,0.6493786,0.8221722,Beginner
0.8137837,0.47490683,0.58181435,0.64618945,0.4900576,0.40264836,0.1749825,0.0404484,0.47655794,0.5063012,0.14303316,0.7059701,0.7733321,Intermediate
0.464437,0.31591588,0.20348153,0.31725776,0.5710459,0.7411754,0.82369155,0.015473827,0.73836195,0.32703388,0.7400785,0.5520362,0.9427418,Beginner
0.7611768,0.7915088,0.3540511,0.53230745,0.5376296,0.42545757,0.30402404,0.047722023,0.43906462,0.33658043,0.24500713,0.052764423,0.50586426,Intermediate
0.9032109,0.915106,0.79856104,0.95514256,0.06673448,0.068706945,0.11611954,0.1786606,0.11626861,0.8630214,0.047773615,0.067826845,0.110307194,Placement-Ready
0.29576513,0.28667212,0.23643892,0.26371706,0.7919372,0.5565986,0.82168895,0.013385167,0.6789763,0.108499125,0.68111694,0.62357986,0.61590505,Beginner
0.92527336,0.8520076,0.8770591,0.75543505,0.21378599,0.10581858,0.051613625,0.15422325,0.06416526,0.84738743,0.13176905,0.10425966,0.24703212,Placement-Ready
1.0,0.92180526,0.9022787,0.916307,0.15377946,0.045314543,0.1486029,0.22885212,0.065173574,0.83287525,0.027799308,0.10041702,0.29103082,Placement-Ready
1.0,0.8376753,0.7884864,0.9602625,0.14531672,0.054214675,0.07552124,0.13055554,0.035679802,0.7786382,0.13125567,0.11900905,0.23563555,Placement-Ready
0.273901,0.041158337,0.22478142,0.36394274,0.63959575,0.84718984,0.3928178,0.009754313,0.75053644,0.09090909,0.777227,0.832246,0.8568721,Beginner
0.16315503,0.27251548,0.2162991,0.26369217,0.80094916,0.580867,0.5619518,0.055497076,0.8726458,0.15421581,0.6766671,0.88834107,0.6509304,Beginner
0.35481107,0.33518153,0.16006778,0.35446426,0.8379744,0.66915476,0.42551237,0.00019652904,0.68374294,0.09090909,0.9462711,0.46057323,0.77859503,Beginner
0.75232154,0.60465574,0.3597545,0.77052313,0.361578,0.21696143,0.4313464,0.060860585,0.5883359,0.5723132,0.14116867,0.5468077,0.45240778,Intermediate
0.25303578,0.42207527,0.35910386,0.20743577,0.6757109,0.52290833,0.65290827,0.0060086055,0.49025673,0.3299626,0.7055402,0.7379974,0.80635536,Beginner
0.76601315,0.6746802,0.6921638,0.5638582,0.46051154,0.22202922,0.2579277,0.09883361,0.4222238,0.44281897,0.33174488,0.44685027,0.6347551,Intermediate
0.57754433,0.5581011,0.43755847,0.7033063,0.27287158,0.5435708,0.35449806,0.028757185,0.5397971,0.25588304,0.2250273,0.5218504,0.47196504,Intermediate
0.8843104,0.9171602,0.86908215,0.88309133,0.1938759,0.024161594,0.10175476,0.07248047,0.0,0.8825151,0.053405114,0.2078835,0.26845047,Placement-Ready
0.4907654,0.3406094,0.15486774,0.11017576,0.5726213,0.74819124,0.7144943,0.016309306,0.5764038,0.09090909,0.6476888,0.8228523,0.7418446,Beginner
0.8409046,0.5636986,0.3740028,0.577974,0.2941444,0.45682567,0.08337772,0.0018655165,0.058534093,0.3975019,0.2655444,0.47054127,0.5152947,Intermediate
0.4610589,0.3577517,0.260527,0.3834344,0.95733833,0.7009262,0.7283758,0.0078101787,0.4153855,0.15731876,0.7385583,0.40076286,0.9032399,Beginner
0.9129156,0.6346306,0.4315304,0.5930198,0.38184306,0.38536632,0.29891345,0.044974796,0.35320365,0.43299666,0.20149593,0.28408974,0.79786146,Intermediate
0.73880744,0.7758405,0.58904195,0.6290835,0.63687164,0.33878234,0.48836753,0.080523476,0.2553112,0.5642962,0.27417588,0.23454069,0.5987941,Intermediate
0.7129848,0.5129318,0.23435438,0.4691729,0.16403884,0.24950165,0.39190626,0.008799644,0.36733496,0.6212758,0.11127974,0.71914935,0.5885294,Intermediate
0.6507328,0.52517396,0.37402743,0.49177426,0.36344874,0.057822477,0.35223955,0.025503565,0.22759937,0.5606496,0.3938212,0.28337872,0.6790419,Intermediate
0.8042302,0.8155563,0.7671021,0.92809814,0.22245784,0.11505381,0.05,0.27385718,0.102562614,0.910639,0.0101412935,0.22581841,0.16988716,Placement-Ready
0.19146171,0.40815142,0.22300334,0.38101664,0.7811336,0.34165832,0.56960654,0.019672414,0.4212508,0.14654864,0.72358,0.21507291,1.0,Beginner
0.6934271,0.7340896,0.436426,0.6279736,0.33192337,0.32467952,0.3445941,0.05365604,0.0,0.32139653,0.4170403,0.51734143,0.86222035,Intermediate
0.48774663,0.27934328,0.16313024,0.16970547,0.8027976,0.6855896,0.7901006,0.008139925,0.70110035,0.17918865,0.7904504,0.6154915,0.88492584,Beginner
0.88680726,0.85008836,0.7427076,0.9698776,0.22250761,0.011129693,0.05,0.03621167,0.056718174,0.9107246,0.07140039,0.0982128,0.27096477,Placement-Ready
0.4606867,0.3166656,0.3144792,0.29839295,0.6466614,0.6005904,0.6205835,0.0,0.9346884,0.22197698,0.9340552,0.41290942,0.9493478,Beginner
0.40161267,0.22686754,0.26079816,0.16283688,0.73995006,0.43920437,0.36535087,0.013875675,0.4262308,0.2785249,0.60691667,0.7179882,0.70857495,Beginner
0.56671816,0.6779163,0.517975,0.5157222,0.43200776,0.44227216,0.27265215,0.07274434,0.16997121,0.31808618,0.42516845,0.7669031,0.7263889,Intermediate
0.7584489,0.48815987,0.5921097,0.5967343,0.4782466,0.48036128,0.20790665,0.04777044,0.22328436,0.4258644,0.18392943,0.50857264,0.76126814,Intermediate
0.45517215,0.29200915,0.23640603,0.055194095,1.0,0.6953637,0.7395174,0.0040869177,0.66160196,0.09090909,0.8178102,0.5966039,0.80350286,Beginner
0.89892834,0.9707894,0.7780622,0.8074101,0.20901895,0.0,0.05,0.051706374,0.0033549704,0.808342,0.1360864,0.1920996,0.21230249,Placement-Ready
0.7651387,0.5726291,0.7062514,0.664754,0.44043994,0.25974813,0.071175255,0.042900413,0.23210113,0.41222835,0.40234277,0.67911136,0.76641995,Intermediate
0.33300218,0.28753823,0.12619267,0.24838339,0.8502451,0.758291,0.80917937,0.0,0.43145147,0.23998067,0.64120966,0.6860707,0.50963056,Beginner
0.68960166,0.7117511,0.46526787,0.5312531,0.55896616,0.35547516,0.28521597,0.06105685,0.27537727,0.54744405,0.4187281,0.5855357,0.75230724,Intermediate
0.89467955,0.8534281,0.8754016,0.75729483,0.19182761,0.034624793,0.078279056,0.1777026,0.0,0.9646511,0.1015809,0.1611927,0.35459995,Placement-Ready
0.8885886,0.9167598,0.81085515,0.8887481,0.15522186,0.080099106,0.098592125,0.1283073,0.05873348,0.7240039,0.0758876,0.0,0.1683855,Placement-Ready
0.5056518,0.4078681,0.21691932,0.22928472,0.9242157,0.81784844,0.28472158,0.023094852,0.8760183,0.124948844,0.8093705,0.7241045,0.8312808,Beginner
0.24482867,0.21463226,0.22708851,0.19092174,0.70928806,0.65677875,0.8629577,0.10841066,0.6046939,0.33222547,0.82635427,0.8230841,0.6967344,Beginner
0.7057955,0.43855527,0.60890853,0.69816816,0.4229759,0.23596206,0.29518977,0.018574186,0.18851455,0.58190805,0.3629421,0.40889755,0.51635164,Intermediate
0.5513542,0.3476253,0.34179512,0.19970982,0.5913313,0.61964107,0.48744062,0.024146805,0.74728274,0.123867586,0.87126166,0.63056284,0.9961462,Beginner
0.46060377,0.24273184,0.11151709,0.2997513,0.88765216,0.52261716,0.53858835,0.020828156,0.7200238,0.14588955,0.6603711,0.94223666,0.62636817,Beginner
0.68194497,0.8797437,0.38442218,0.517765,0.45170003,0.4341291,0.30208656,0.016979668,0.33578372,0.4629105,0.26254424,0.48681146,0.75830483,Intermediate
0.9703875,0.75855553,0.6856884,0.45595613,0.19694234,0.3291396,0.27935258,0.04576529,0.22052655,0.217138,0.21934305,0.41353798,0.5256949,Intermediate
0.4400998,0.21215262,0.2793967,0.1734895,0.82416916,0.6744975,0.55622673,0.0694793,0.39196125,0.3586541,0.4768371,0.5603498,0.84442544,Beginner
0.8968451,0.551135,0.7359686,0.51407796,0.31480289,0.42443007,0.32159105,0.06929863,0.15573564,0.5138009,0.21773346,0.22666167,0.46068954,Intermediate
0.4693023,0.26608777,0.2496049,0.23515208,0.8603375,0.6454602,0.5634862,0.0028222648,0.5929985,0.10809083,0.582893,0.68879914,0.8255288,Beginner
0.97717893,0.44650242,0.59728825,0.8712848,0.5079086,0.38704133,0.13272317,0.021111805,0.4406019,0.24595103,0.26156625,0.2690859,0.17107199,Intermediate
0.7156157,0.5805607,0.65553063,0.64685833,0.29243916,0.4345971,0.28629845,0.07139472,0.38780388,0.54412335,0.24703434,0.41854414,0.56217915,Intermediate
0.8098636,0.9104491,0.7822392,0.8999623,0.055457104,0.12391955,0.12464449,0.19765344,0.06483296,0.7686843,0.087307796,0.16232704,0.17043884,Placement-Ready
0.75210285,0.5845813,0.62525034,0.8025858,0.25513062,0.64986926,0.27006435,0.05095593,0.21874069,0.40492347,0.21059853,0.30704638,0.6674434,Intermediate
0.43536362,0.4761675,0.31788856,0.19275932,0.9132959,0.82853734,0.54804766,0.1038713,0.8429016,0.18048239,0.7890258,0.8601656,1.0,Beginner
0.31666678,0.3771439,0.068322815,0.2704358,0.9466113,0.6907582,0.526234,0.014261134,0.5615778,0.30822724,0.5832881,0.6422534,0.82468235,Beginner
0.15662187,0.24961607,0.2648522,0.05737396,0.65260917,0.5571116,0.5379558,0.022643147,0.603365,0.13972145,0.31735134,0.72001326,0.89480186,Beginner
0.9058677,0.8252305,0.78265446,0.78902805,0.2182031,0.051474534,0.10163909,0.0885431,0.041655704,0.7661928,0.13894871,0.12512678,0.1642876,Placement-Ready
0.12515804,0.37790298,0.13116594,0.34119073,1.0,0.75933224,0.47801274,0.0121513475,0.46844253,0.10688331,0.85248905,0.62914246,0.9446115,Beginner
0.9535878,0.84965557,0.7060372,0.9713853,0.23411338,0.06778579,0.068080686,0.07126477,0.088017926,0.87913483,0.103865445,0.22442387,0.29219458,Placement-Ready
0.40759093,0.3781358,0.22418982,0.37545523,0.7614537,0.7771867,0.5918788,0.010168118,0.6517861,0.23061886,0.56256527,0.8650451,0.57684046,Beginner
0.3919527,0.13402444,0.048415784,0.31394,0.94901216,0.64997953,0.46638587,0.019223576,0.37089235,0.09090909,0.85614544,0.65135574,0.9277852,Beginner
0.67565936,0.24933651,0.23918982,0.4282573,0.4845511,0.68689066,0.33346432,0.0,0.79339135,0.2313295,0.817415,0.7881539,0.7424337,Beginner
0.8804119,0.5520903,0.5065212,0.5167785,0.5064241,0.3758538,0.1807455,0.048762456,0.27880517,0.4295384,0.38125065,0.40850386,0.5143381,Intermediate
0.6396077,0.58651495,0.36186418,0.6607474,0.452921,0.33567256,0.05,0.03371933,0.36900342,0.4888302,0.29445583,0.38640785,0.36320698,Intermediate
0.3348293,0.33160678,0.26671064,0.40409255,0.5655828,0.6364923,0.6857523,0.017291483,1.0,0.26870036,0.7414817,0.5164346,0.7322852,Beginner
0.6486687,0.59556,0.586703,0.5454899,0.37932456,0.3593321,0.16643988,0.0750444,0.14729434,0.49793082,0.34963775,0.3077067,0.6109656,Intermediate
0.7252231,0.6192904,0.81180066,0.61766607,0.20892295,0.3207659,0.25133952,0.046233986,0.28973424,0.49358186,0.36103338,0.48882547,0.7425937,Intermediate
0.5073304,0.22415183,0.18435585,0.18191634,0.8871672,0.750237,0.6197719,0.031568453,0.94793946,0.09090909,0.68348855,1.0,0.7310492,Beginner
0.41945148,0.46137112,0.25628275,0.2207012,0.9362797,0.8984206,0.35447845,0.07258005,0.74023455,0.15476695,0.95635605,0.62749165,0.8150692,Beginner
0.9638318,0.72519875,0.785792,0.9452004,0.27615967,0.07356236,0.076089695,0.15712753,0.03678253,0.91058236,0.0748759,0.23090947,0.29229805,Placement-Ready
0.62490994,0.47267935,0.56223536,0.43879622,0.46290854,0.28659043,0.14486709,0.06684196,0.21196161,0.41145948,0.03360131,0.5919827,0.7231363,Intermediate
0.73078525,0.7009061,0.31679127,0.9263595,0.5248588,0.49030635,0.31991884,0.051216632,0.37569803,0.48149028,0.4261006,0.4081291,0.55011314,Intermediate
0.5563543,0.3400503,0.032981828,0.38111424,0.8007848,0.7729829,0.70807683,0.02687351,0.49075526,0.13450882,0.62234485,0.48950863,0.67381626,Beginner
0.8014785,0.60772204,0.5233673,0.43796405,0.4251386,0.70891845,0.28880218,0.012232029,0.5093312,0.3506948,0.5065324,0.25875613,0.6409063,Intermediate
0.95775527,0.79958683,0.7759816,0.9732343,0.11486752,0.1269557,0.05,0.039931886,0.028484274,1.0,0.18368383,0.14148556,0.14805946,Placement-Ready
0.844707,0.5210085,0.49474144,0.6620926,0.41345832,0.57672215,0.13585842,0.060279198,0.11275458,0.4673877,0.38884002,0.41782463,0.682669,Intermediate
0.2336977,0.2895762,0.15705547,0.15586047,1.0,0.8488342,0.5495848,0.01648248,0.51594627,0.19188395,0.8162443,0.58735913,0.7177699,Beginner
0.65873,0.6379021,0.42823508,0.7333143,0.4212326,0.52427584,0.14316718,0.07208233,0.46033338,0.49405915,0.20316935,0.44309866,0.69169366,Intermediate
0.6759112,0.3880915,0.21229227,0.2868038,0.7090591,0.6275452,0.65711117,0.011995032,0.75559735,0.30014482,0.64628816,0.77917767,0.67042327,Beginner
0.81414545,0.63436306,0.38094482,0.45369723,0.19131514,0.21745013,0.25688237,0.008770674,0.27297965,0.52173394,0.26351216,0.28172567,0.59201497,Intermediate
0.33784735,0.11311969,0.25323802,0.14315476,0.88580835,0.58397883,0.91446126,0.003553671,0.10760406,0.11010461,0.710805,0.8123531,0.6489902,Beginner
0.8608053,0.8383578,0.79935646,0.91945434,0.1371118,0.0,0.09198958,0.03691555,0.06000171,0.88802665,0.046141405,0.19001468,0.3053167,Placement-Ready
0.69946694,0.52803046,0.5985697,0.52302116,0.47531942,0.37163207,0.39601058,0.01392963,0.5158145,0.5886559,0.2471524,0.3182501,0.8891532,Intermediate
0.68506056,0.46810153,0.52432793,0.49385485,0.35264206,0.36127213,0.1439684,0.014020862,0.34379598,0.45820403,0.29863092,0.52661496,0.5010693,Intermediate
0.5949894,0.42121586,0.18054841,0.3765831,0.7636338,0.61856383,0.38112703,0.0061247586,0.88364774,0.09090909,1.0,0.5239089,0.889994,Beginner
0.7671026,0.653015,0.6740487,0.5856254,0.21837334,0.12498187,0.32356808,0.009163816,0.36551517,0.47012264,0.27997923,0.4355458,0.47019157,Intermediate
0.45708388,0.16224237,0.3560108,0.45875984,0.8044593,0.45446336,0.38260496,0.0,0.26797774,0.36607295,1.0,0.48187292,0.7989518,Beginner
0.95954126,0.87114275,0.73425394,0.91801864,0.18379653,0.08128981,0.05,0.12800123,0.06607723,0.9848697,0.034886383,0.3322487,0.27568683,Placement-Ready
0.26545408,0.4450087,0.118381456,0.14483275,0.89371806,0.7605612,0.7789975,0.00045263593,0.5426389,0.12572016,0.58347166,0.7393846,0.91316617,Beginner
0.37521267,0.15957604,0.20926559,0.31232306,1.0,0.63158214,0.2835144,0.08079196,0.32388026,0.14216769,0.71135694,0.639555,0.8826997,Beginner
0.3890834,0.31868598,0.26712945,0.23123643,1.0,0.5981457,0.54260606,0.013391681,0.67859274,0.18611164,0.558237,1.0,0.77168363,Beginner
0.7661138,0.62558895,0.42145532,0.7178252,0.3223365,0.8071061,0.29034463,0.048835658,0.5908413,0.14322242,0.26565337,0.38496792,0.5728295,Intermediate
0.60006756,0.37492827,0.1722017,0.07053502,0.7898219,0.69407314,0.5128471,0.014594385,0.44985408,0.09090909,0.7663624,0.7078955,0.6588026,Beginner
0.9152141,0.849344,0.70851296,0.8327035,0.15346494,0.11431974,0.0537531,0.15935265,0.008050722,0.8397861,0.116962664,0.09369626,0.28505364,Placement-Ready
0.72023815,0.65752697,0.7262144,0.76720464,0.2782756,0.3543932,0.33365348,0.028655278,0.06479089,0.3508812,0.28618014,0.0,0.43291655,Intermediate
0.5547616,0.43308672,0.28772146,0.30997196,0.6446275,1.0,0.37936345,0.00839006,0.26905435,0.23079984,0.7726666,0.7647915,0.5913121,Beginner
0.6798892,0.7085238,0.63251555,0.40690547,0.52692807,0.45660648,0.28780156,0.015929962,0.0,0.4259196,0.18401095,0.28340796,0.52681834,Intermediate
0.6711023,0.5051793,0.74065053,0.7726828,0.31246763,0.39092028,0.42108086,0.07633794,0.24948855,0.5655918,0.6596638,0.465774,0.50510275,Intermediate
0.91992146,0.88782537,0.92427003,0.9135967,0.09285142,0.07492631,0.07718902,0.18209745,0.0541637,0.86509323,0.08256104,0.16918863,0.21066009,Placement-Ready
0.8648512,0.8374328,0.8643561,0.88453007,0.13471878,0.19008309,0.052315503,0.095145464,0.108351335,0.9997783,0.10121341,0.046751022,0.2296898,Placement-Ready
0.45552328,0.27009308,0.27434352,0.16478361,0.47446263,0.65641487,0.6126464,0.008691726,0.36827934,0.09090909,0.67288667,0.78464836,0.9507437,Beginner
0.9233636,0.74914867,0.8068351,0.7458065,0.21309382,0.087195545,0.05,0.15189888,0.09045156,0.8115002,0.12693597,0.12771793,0.30743036,Placement-Ready
0.53376603,0.111029655,0.18630958,0.30375168,0.8602504,0.92291385,0.8396451,0.008611986,0.85997427,0.116905294,0.8896331,0.92157835,0.9457933,Beginner
0.53096807,0.5259151,0.41156387,0.69317704,0.3549113,0.41851208,0.3243133,0.033795573,0.19670117,0.38549286,0.113573134,0.5230015,0.69013035,Intermediate
0.7776652,0.608523,0.25457627,0.54947686,0.4207458,0.063905254,0.2628086,0.042667057,0.0,0.51214856,0.15825644,0.3929218,0.56184006,Intermediate
0.41662985,0.37888843,0.3132282,0.24023828,0.9559841,0.70723724,0.46010783,0.007730817,0.65339553,0.2804707,0.7502194,0.54895145,0.9733112,Beginner
0.8168886,0.71862024,0.41050965,0.62662077,0.3194802,0.40165374,0.15601328,0.026229626,0.057376534,0.50991887,0.3196406,0.40456727,0.53492904,Intermediate
0.28434637,0.30409247,0.25479528,0.2027216,0.8723319,0.7659584,0.40033865,0.015222956,0.7727057,0.1974063,0.9228972,0.46738943,0.856154,Beginner
0.65073454,0.7883972,0.38363966,0.6504451,0.43929073,0.37637427,0.30194366,0.023889964,0.5484484,0.7170244,0.30565256,0.8134659,0.5401458,Intermediate
0.9341181,0.90864867,0.85750765,0.87692606,0.093056045,0.018887281,0.1021167,0.11779429,0.020069143,0.9036332,0.098957546,0.13254917,0.29435515,Placement-Ready
0.66772944,0.7827439,0.52250725,0.38666707,0.29738465,0.42567208,0.27845317,0.032931354,0.13831979,0.3765153,0.068470016,0.378651,0.53024644,Intermediate
0.9463957,0.8260241,0.59616697,0.8726448,0.11280184,0.11778312,0.0727394,0.1366909,0.08501646,0.7794069,0.1021549,0.17140968,0.20152192,Placement-Ready
0.47502312,0.24293596,0.2881975,0.102497965,1.0,0.7221224,0.48071772,0.008499876,0.76178384,0.12868588,0.63759637,0.6167695,0.65876454,Beginner
0.40679628,0.39834818,0.3027288,0.32104442,0.6320676,0.9691641,0.88247615,0.08732635,0.32364595,0.09090909,0.78814733,0.54473746,0.5939373,Beginner
0.35788533,0.27941602,0.11084233,0.1386081,0.9131153,0.7546068,0.6203577,0.013476829,0.6185255,0.29480568,0.7685144,0.43126804,0.9956156,Beginner
0.3653903,0.19758132,0.3683274,0.39652404,0.87898135,0.6860274,0.40811214,0.056120098,0.81774974,0.3531442,0.98148656,0.5766726,0.6656459,Beginner
0.5976089,0.2657121,0.24226789,0.18889439,0.6647127,0.63226384,0.50424826,0.0139135,1.0,0.11672332,0.6875062,0.64053154,0.84749585,Beginner
0.705574,0.6864763,0.2512813,0.76532,0.1795518,0.21812573,0.22732392,0.010324366,0.0,0.45071033,0.3950874,0.5991777,0.49540055,Intermediate
0.35263932,0.15930225,0.25218144,0.4085195,0.8078688,0.58400273,0.7915988,0.016412703,0.39478382,0.21649323,0.89958984,0.8272835,0.7920261,Beginner
0.9481315,0.7960332,0.7089683,0.9271922,0.06320433,0.07533322,0.05,0.13638133,0.092703514,0.8890378,0.13628656,0.30718616,0.20564616,Placement-Ready
0.8968043,0.87992185,0.77552766,0.89903647,0.26462057,0.08825251,0.09454626,0.2032765,0.117859215,0.82861006,0.14218594,0.1699017,0.331723,Placement-Ready
0.6451527,0.12444944,0.25631243,0.14371434,0.6979415,0.554807,0.7464302,0.019238118,0.604677,0.10323393,0.9884285,0.53743845,0.54055613,Beginner
0.7117844,0.5160032,0.44657043,0.65141886,0.64488125,0.32889187,0.29558375,0.037127614,0.15390494,0.36232057,0.050103363,0.65301526,0.26548046,Intermediate
0.5401301,0.7486655,0.38570058,0.6122466,0.36689076,0.3442342,0.31775424,0.032212224,0.36848697,0.5181075,0.20692863,0.58667445,0.80511445,Intermediate
0.68081856,0.3413435,0.37014365,0.15714529,0.6049685,0.45319197,0.89920884,0.016337251,0.58888304,0.20726988,0.58117664,1.0,0.8155065,Beginner
0.8408269,0.48694646,0.5106439,0.5460724,0.36019635,0.3840617,0.4665082,0.051668104,0.23334853,0.49516863,0.14240316,0.3425886,0.7479348,Intermediate
0.008039537,0.3128653,0.1756741,0.29585567,1.0,1.0,0.5669754,0.004165629,0.71693665,0.1481613,0.8087665,0.5508709,0.8300831,Beginner
0.27892452,0.116399474,0.18470587,0.11363498,0.82641387,0.6215948,0.8223263,0.024141366,0.73587626,0.09090909,0.9757794,0.8863581,0.80225486,Beginner
1.0,1.0,0.82439774,0.8617016,0.16063903,0.13260023,0.0658348,0.09332695,0.026565764,0.8461678,0.21498704,0.17339784,0.15389946,Placement-Ready
0.9528994,0.8447684,0.6430122,0.8975506,0.17532256,0.07555714,0.0972204,0.118634425,0.035491224,0.74967957,0.048233453,0.16959815,0.1612114,Placement-Ready
0.8433908,0.9254136,0.7167657,0.94917554,0.1825548,0.0,0.093253925,0.17142965,0.027170997,0.8298855,0.07042728,0.0,0.0,Placement-Ready
0.81042147,0.61888975,0.6885167,0.80896133,0.42593843,0.0,0.2797287,0.0698027,0.33369485,0.5536157,0.34284785,0.2648032,0.46706423,Intermediate
0.840221,0.66282547,0.29941332,0.60578376,0.3610865,0.67942286,0.16878429,0.05393811,0.31725383,0.59210396,0.43238088,0.44519717,0.6436,Intermediate
0.9895945,0.90640485,0.67870647,0.82125807,0.14494744,0.1416558,0.08735168,0.18235838,0.019106312,0.7607747,0.15974472,0.15208882,0.3264881,Placement-Ready
0.53563935,0.2977132,0.14005582,0.189427,0.91775966,0.80201006,0.5522136,0.007943909,0.52164835,0.09796271,0.99230635,0.6016519,0.94605905,Beginner
0.69686586,0.58462095,0.5302408,0.74913216,0.4019219,0.12574734,0.28673193,0.03405384,0.42979068,0.54948044,0.47656804,0.58612984,0.76353663,Intermediate
0.32294184,0.2336167,0.20071495,0.197916,0.8747108,0.7830465,0.71836025,0.021309182,0.9725738,0.19315122,0.91491956,0.597251,0.94220084,Beginner
0.6904799,0.4902286,0.43318754,0.19608824,0.35055074,0.38564676,0.23638642,0.09271571,0.3862359,0.5268798,0.102807716,0.3953037,0.5270006,Intermediate
0.30887565,0.16763504,0.18512788,0.3553057,0.844416,0.8052967,0.67658436,0.024326827,0.64720863,0.14672521,0.61263674,0.6874414,0.50711554,Beginner
0.45870706,0.22287998,0.07808243,0.16767403,0.6990848,0.7360586,0.53097063,0.016613148,0.47740334,0.17663263,0.9275981,0.7012738,0.7927955,Beginner
0.3827429,0.37375128,0.22402975,0.32626364,0.9534467,0.6708394,0.05,0.0042362157,0.8417364,0.17874865,0.6991305,0.82501775,0.787841,Beginner
0.8812141,0.47366065,0.56947047,0.6251988,0.51543564,0.5882135,0.23626114,0.06094015,0.56473106,0.4456577,0.17202799,0.39232978,0.4043031,Intermediate
0.3900592,0.4410459,0.25278103,0.14666945,1.0,0.8246855,0.5113912,0.0070178662,0.6593151,0.22392589,0.7795938,0.6966963,1.0,Beginner
0.8759813,0.63162017,0.5077281,0.5377436,0.2640144,0.36645016,0.28583866,0.04672724,0.334667,0.3630896,0.15063326,0.4340687,0.63309103,Intermediate
0.20585285,0.20757316,0.31705433,0.313947,0.6990738,0.90033734,0.84130716,0.013170296,0.41996795,0.14423193,0.792958,0.6217108,0.91267484,Beginner
0.5952726,0.5858054,0.5443472,0.54651904,0.433295,0.29369137,0.18196654,0.019584846,0.3489842,0.6294307,0.34519625,0.41217646,0.7246191,Intermediate
0.270838,0.23438041,0.16136856,0.24165061,0.9251648,0.9586529,0.5588463,0.06599717,0.35721165,0.3581084,0.5398496,0.82574934,0.75615966,Beginner
0.5693598,0.34356645,0.2696064,0.17969128,0.739352,0.75958544,0.5688901,0.019179145,1.0,0.09090909,0.93446326,0.66578895,0.9665841,Beginner
0.70327324,0.60041255,0.61964405,0.4913228,0.3254783,0.38209823,0.4621316,0.07748827,0.46470353,0.26746255,0.31741247,0.573166,0.9127992,Intermediate
0.51408786,0.4448499,0.19121851,0.09087428,0.7296469,0.7590421,0.40724823,0.0030919104,0.66875756,0.17739524,0.7549195,0.5362257,0.7723519,Beginner
0.8441646,0.648861,0.4027682,0.5953729,0.4592421,0.48557112,0.20275879,0.060028195,0.1600458,0.31228033,0.16610584,0.4536939,0.42332456,Intermediate
0.685127,0.66806114,0.70250213,0.59219295,0.41440308,0.38271776,0.42820242,0.04122996,0.29557386,0.6541049,0.3176413,0.62055886,0.46330798,Intermediate
0.26591796,0.24823888,0.23790303,0.24802925,0.96992564,1.0,0.49382624,0.0069361143,0.80883217,0.24380831,1.0,0.73758924,0.75688493,Beginner
0.33435112,0.26690218,0.24231935,0.35341802,0.6042574,0.55380255,0.31961837,0.021809733,0.659521,0.09090909,0.68353575,0.8272642,0.7666257,Beginner
0.29478464,0.12123284,0.12235439,0.16969568,0.9659573,0.95292896,0.5120964,0.0076061753,0.6523246,0.18292241,0.8896401,0.57152176,0.91389716,Beginner
0.14727135,0.389001,0.11482901,0.037290573,0.7371247,0.9766661,0.74223846,0.0,0.33137494,0.14585452,1.0,0.5091569,0.68829376,Beginner
0.7029621,0.418015,0.3831901,0.45752499,0.3183936,0.31694672,0.34991497,0.075583175,0.25606638,0.4202799,0.21534795,0.46337816,0.6303781,Intermediate
0.8008654,0.8337151,0.7446901,0.83925873,0.15070622,0.0,0.065841414,0.1774103,0.11307304,1.0,0.18149902,0.054244965,0.17915624,Placement-Ready
0.69777614,0.69183934,0.69638747,0.54625255,0.4773449,0.61045176,0.23765323,0.064462446,0.23020773,0.61780167,0.24002421,0.5554595,0.7492677,Intermediate
0.79154533,0.50925386,0.66417,0.5146156,0.41381928,0.42442003,0.19118468,0.08111341,0.13242874,0.49022162,0.3295341,0.4418618,0.4054631,Intermediate
0.93933207,0.90023595,0.7466956,0.74145687,0.21753071,0.19787674,0.08138498,0.1631367,0.0,0.85929185,0.07331234,0.07908681,0.26397854,Placement-Ready
0.5424647,0.28854603,0.3190253,0.05866868,0.7017604,0.7207866,0.6093961,0.007259736,0.72457,0.09090909,0.72864306,0.6680443,0.86173266,Beginner
0.6470396,0.6297856,0.29744646,0.567322,0.3244297,0.3391665,0.26286903,0.04568847,0.21557562,0.22862658,0.37604016,0.3160151,0.81937146,Intermediate
0.76665425,0.68737686,0.4086743,0.6031359,0.5459161,0.34889647,0.26294467,0.04399964,0.0,0.4573532,0.33621502,0.373126,0.42680445,Intermediate
0.62347287,0.4496418,0.58411425,0.719874,0.35494003,0.2602291,0.06877052,0.0016799764,0.40900958,0.18536258,0.16272797,0.4925147,0.6134561,Intermediate
0.67152095,0.63719416,0.41959253,0.8314346,0.5080371,0.32750624,0.2507255,0.045409415,0.4058447,0.34277406,0.33856,0.49895674,0.65756255,Intermediate
0.4307186,0.2427128,0.08667117,0.3328284,0.40791142,0.610273,0.3953609,0.0024936877,0.4501937,0.29248852,0.8730833,0.6122404,0.9360348,Beginner
0.86318547,0.8006203,0.7878972,0.8204895,0.19280666,0.054813817,0.05807973,0.14133397,0.052789483,0.96035963,0.055102646,0.0,0.18361291,Placement-Ready
0.6617596,0.27975425,0.22487172,0.32765952,0.8105809,0.43539345,0.8561081,0.0059030107,1.0,0.24425896,0.76064587,0.71589905,0.7869803,Beginner
0.69260675,0.6405519,0.4654598,0.8681284,0.38791132,0.43264994,0.30539688,0.056714993,0.29599783,0.31946704,0.2865829,0.17011714,0.6731337,Intermediate
0.6897739,0.78791994,0.4720235,0.31444755,0.5213772,0.4613672,0.25940427,0.061765525,0.31237742,0.6786272,0.39023995,0.3815363,0.82379323,Intermediate
0.22663729,0.13562593,0.14918692,0.43630743,0.5587576,0.6744696,0.34137094,0.006019392,0.6339387,0.11817128,0.9134497,0.88009673,0.5301085,Beginner
0.74345785,0.5358849,0.26813492,0.44571444,0.42898694,0.38836634,0.15461947,0.03314584,0.35008988,0.45111775,0.30459535,0.4151097,0.5554015,Intermediate
0.6700535,0.46391168,0.35421607,0.18356942,0.8770141,0.9642595,0.52417445,0.009285641,0.48366383,0.09090909,0.6526084,0.46640897,0.80409,Beginner
0.5394566,0.6316699,0.610119,0.560654,0.35255697,0.17605707,0.4181335,0.04882385,0.23217855,0.66761804,0.25775456,0.31344566,0.4934579,Intermediate
0.68813294,0.35156608,0.3497499,0.18761991,0.5917992,0.81471276,0.7598136,0.011009299,0.48837334,0.27221626,0.8292054,0.53473467,0.8058914,Beginner
0.31147942,0.29963973,0.12733082,0.4304078,0.923271,0.6868554,0.6053772,0.012671639,0.19165303,0.1593475,0.64770234,0.499757,0.76626796,Beginner
0.836579,0.7815883,0.9091862,0.84987146,0.117146485,0.075265124,0.0996272,0.07559741,0.0,1.0,0.097785644,0.11226727,0.20937867,Placement-Ready
0.84098816,0.75800896,0.8162825,0.84922695,0.21685354,0.10583491,0.15863687,0.16718641,0.08297875,0.7834309,0.17374153,0.10957418,0.12896073,Placement-Ready
0.76850694,0.68576354,0.5342534,0.6771547,0.33897513,0.37639654,0.05,0.07977793,0.22624625,0.6448496,0.2212571,0.4953336,0.6082116,Intermediate
0.13188434,0.11269942,0.3835585,0.1303326,0.63281107,0.885558,0.52310216,0.010437892,0.696558,0.28032574,0.6999809,0.8779928,0.54370403,Beginner
0.25045395,0.38227174,0.31795055,0.3845018,0.71302426,0.80974954,0.25501662,0.067511156,0.878531,0.14681484,0.46979973,0.95205486,0.86747,Beginner
0.7695269,0.56990093,0.4053746,0.50236565,0.36748406,0.61339307,0.2776839,0.0763518,0.3427956,0.42996785,0.17489849,0.68910426,0.74864423,Intermediate
0.34403533,0.26156747,0.17985187,0.4337592,0.8422298,0.5198319,0.7189168,0.018436575,0.5820672,0.24456872,0.37564388,0.24510165,0.6585597,Beginner
0.7263889,0.47453853,0.53330034,0.40882432,0.4358334,0.060702633,0.064841315,0.06725586,0.21797423,0.31983754,0.45250148,0.49914393,0.7308135,Intermediate
0.7633432,0.7498163,0.49803585,0.6716227,0.49598753,0.20638326,0.33822575,0.018080728,0.09447934,0.72236353,0.43342242,0.7610496,0.54446787,Intermediate
0.5085771,0.14524302,0.2363155,0.27315876,1.0,0.48525393,0.47982258,0.017720677,0.6670635,0.19820955,0.60657966,0.5613772,0.9494049,Beginner
0.33062106,0.35414442,0.13376753,0.1731178,0.73177433,0.71898717,0.6551969,0.027744586,0.71442515,0.23599376,0.710008,0.5030201,0.73661435,Beginner
0.52323675,0.32186383,0.29054087,0.12890975,0.5541725,0.83605504,0.49237168,0.0,0.42388174,0.09090909,0.7701643,0.7373184,0.90652984,Beginner
0.87112784,0.7574223,0.7151247,0.85017,0.21059714,0.0602564,0.08462498,0.06455051,0.11119601,1.0,0.056443237,0.18839462,0.25984108,Placement-Ready
0.25229064,0.36589542,0.18429343,0.29456848,0.86597365,0.7789672,0.51908904,0.015111323,0.8812741,0.09090909,0.623991,0.6540883,0.6732531,Beginner
0.78217024,0.6833573,0.42189866,0.5964079,0.31200865,0.49157444,0.3180303,0.051184755,0.12340184,0.39655703,0.40054005,0.64907867,0.5510195,Intermediate
0.6910665,0.5875678,0.45569718,0.49504566,0.38275492,0.5327357,0.3123697,0.014702868,0.23562758,0.3674993,0.11252122,0.4912918,0.5855863,Intermediate
0.35407984,0.33339652,0.20630565,0.24206652,0.53528273,0.7787547,0.58215934,0.024194188,0.41208696,0.09090909,0.84271026,0.70197904,0.67898804,Beginner
0.7085477,0.6010942,0.31761158,0.4878012,0.4244775,0.34263185,0.23441909,0.042227864,0.17046024,0.38730463,0.2631802,0.45077148,0.6590068,Intermediate
0.79520875,0.7172128,0.27581474,0.45502403,0.41642788,0.2899035,0.16133878,0.050276276,0.4220839,0.37338868,0.33950052,0.3138375,0.44351348,Intermediate
0.38262665,0.3316952,0.28480217,0.16301668,0.7997744,0.7388323,0.4087883,0.030007973,0.31854132,0.09090909,0.94713396,0.75698996,0.67688423,Beginner
0.6936729,0.46651423,0.19857876,0.4087244,0.81800276,0.5662874,0.969608,0.019101733,0.57579577,0.24792466,0.6894445,0.77437234,0.5130706,Beginner
0.77875435,0.6218999,0.45744944,0.65420884,0.3272546,0.47572762,0.2712726,0.03624494,0.37929523,0.5290804,0.43890235,0.59492207,0.6736911,Intermediate
0.77940917,0.60075474,0.50647885,0.59665686,0.51424044,0.32850775,0.36377504,0.020449795,0.18950836,0.448819,0.16552392,0.24809891,0.6910274,Intermediate
0.95096046,0.90547794,0.8592746,0.92559415,0.18648614,0.038107373,0.07081739,0.1372582,0.016298672,1.0,0.17809168,0.14039457,0.323088,Placement-Ready
0.7839724,0.90811086,0.8506475,0.6135979,0.34129673,0.060666308,0.08196113,0.11505342,0.1567577,0.98084944,0.20645042,0.18785864,0.31121472,Placement-Ready
0.915725,0.9044119,0.79719347,1.0,0.19360161,0.1395096,0.06689727,0.08670559,0.08588476,0.855532,0.12992258,0.17823492,0.14069867,Placement-Ready
0.78329456,0.67876947,0.67580014,0.44950262,0.26140735,0.37904987,0.05,0.07628813,0.48310727,0.3954522,0.25550753,0.4391479,0.6078031,Intermediate
0.33142456,0.41328046,0.3477918,0.32736278,0.6934512,0.6434087,0.61598307,0.09339307,0.4024268,0.24754891,0.762827,0.39264375,0.68852884,Beginner
0.37678984,0.44563285,0.19597386,0.31123316,0.9232693,0.69048285,0.6619675,0.016392626,0.51981694,0.25597864,0.66795206,0.5487369,0.61675507,Beginner
0.6362196,0.7535052,0.36593378,0.8370379,0.331537,0.34069473,0.20706561,0.025794907,0.588767,0.562122,0.44585645,0.2664496,0.6271407,Intermediate
0.64559406,0.69404215,0.60038614,0.6153797,0.3804275,0.4606964,0.1547139,0.030801594,0.3092602,0.4781633,0.08092618,0.518272,0.71590924,Intermediate
0.4951948,0.49928325,0.15765636,0.27070323,0.8682961,1.0,0.49154353,0.0,0.8980759,0.10605695,0.69576174,0.48233756,0.75695556,Beginner
0.86744547,0.8978568,0.7933828,0.89655197,0.19914262,0.10278305,0.064819805,0.03297626,0.05966633,0.9263568,0.09714966,0.090319425,0.16211993,Placement-Ready
0.43767303,0.2570365,0.11591126,0.19852231,0.9363822,0.9149981,0.79206103,0.0,0.81662905,0.09090909,0.8847176,0.5948323,0.884304,Beginner
0.80396324,0.5163487,0.64130914,0.6541223,0.34922105,0.21699321,0.26162326,0.02609121,0.45355213,0.30128872,0.36572474,0.43790755,0.5159063,Intermediate
0.73137105,0.7933883,0.6732849,0.35082427,0.31980625,0.45164517,0.118027136,0.046430815,0.36399478,0.42935556,0.36466065,0.34600052,0.26337278,Intermediate
0.84225,0.8509807,0.6408672,0.80948037,0.22958879,0.050588824,0.056593783,0.036391977,0.08740204,0.8964522,0.066482775,0.15141037,0.30570287,Placement-Ready
0.3120187,0.18798165,0.28515399,0.5122854,0.73433256,0.6179256,0.4509353,0.005372056,0.92995673,0.11650177,0.66221,0.46394685,0.83523786,Beginner
0.33995584,0.26668456,0.11254187,0.3203094,1.0,0.55162734,0.7945421,0.005972897,0.5950563,0.1700207,0.74629337,0.7209624,0.6770981,Beginner
0.13016847,0.46964565,0.23688139,0.23839442,0.7099288,0.7798704,0.59247303,0.020027138,0.62284553,0.19548197,0.6954582,0.64145815,0.83693624,Beginner
0.9204786,0.5690212,0.5379807,0.66118836,0.18441093,0.41992766,0.17059353,0.094197676,0.2688943,0.3576809,0.4015958,0.5232019,0.7343902,Intermediate
0.47164372,0.4127374,0.1468575,0.18088663,0.7671827,0.9629737,0.7126271,7.599866e-05,0.58140343,0.15946557,0.57400954,0.6342812,0.7651955,Beginner
0.8507522,0.8767313,0.8835014,0.8628835,0.18116483,0.08752667,0.05751172,0.07018599,0.00077461556,0.8248816,0.026999084,0.25789747,0.14946304,Placement-Ready
0.34894827,0.25029474,0.22437559,0.30297038,0.91961896,0.678282,0.21924812,0.0069900462,0.60874206,0.29298255,0.66482884,0.72688156,0.83481055,Beginner
0.80806905,0.8858068,0.78649974,0.80605435,0.23733614,0.0,0.073393375,0.060146287,0.0043903366,0.9113467,0.003548151,0.036102574,0.4581945,Placement-Ready
0.7222388,0.65182555,0.48057202,0.5726937,0.41903102,0.49468994,0.092512004,0.043960173,0.5262504,0.64772654,0.40211242,0.5305237,0.8481952,Intermediate
0.8312509,0.54317886,0.34283918,0.5965468,0.37032154,0.3346467,0.2501979,0.06514976,0.32907578,0.4838902,0.18921925,0.40593013,0.62347806,Intermediate
0.69974035,0.19612655,0.22058806,0.12005914,0.50287735,0.82906836,0.7158123,0.078966774,0.8605857,0.121360734,0.53533286,0.63949555,0.75829995,Beginner
0.91145015,0.8741149,0.6470139,0.8318507,0.19240826,0.085277006,0.071944974,0.071298696,0.0,0.73835933,0.11324274,0.14075433,0.21482468,Placement-Ready
0.68418103,0.6837932,0.33321556,0.50976515,0.3675525,0.2552782,0.29290068,0.07532916,0.5017777,0.40829027,0.3350359,0.51684654,0.6931884,Intermediate
0.60348266,0.5262351,0.3764957,0.5960227,0.37294206,0.27570522,0.2434327,0.026692776,0.5318932,0.35919565,0.23146264,0.091965,0.3531729,Intermediate
0.52967644,0.31354913,0.34330568,0.41007978,0.9083269,0.7312029,0.60450006,0.01723671,0.5216659,0.09090909,0.8238006,0.4803397,0.6845431,Beginner
0.7657889,0.6295057,0.5408977,0.5688305,0.46251956,0.5038207,0.29840234,0.07818231,0.1921053,0.37370235,0.34880444,0.54926676,0.6775043,Intermediate
0.5844991,0.29496664,0.77345073,0.60574394,0.3075356,0.4478936,0.26893342,0.062924564,0.4814297,0.41501075,0.19441928,0.5741663,0.7203499,Intermediate
0.5325998,0.28815848,0.28786385,0.32779032,0.8126507,0.8060965,0.64918876,0.075967975,0.67821604,0.3133301,0.82091236,0.6826957,0.6947059,Beginner
0.74892396,0.7922628,0.1587373,0.6627259,0.38406414,0.25253075,0.33011284,0.0139982505,0.41628462,0.40392837,0.18678363,0.47169414,0.7309754,Intermediate
0.7692858,0.776429,0.6004862,0.5680633,0.44823083,0.3908131,0.2167427,0.037274238,0.041547567,0.35334367,0.297642,0.04407645,0.5227701,Intermediate
0.6234116,0.6655903,0.5564431,0.77034366,0.39583203,0.116786234,0.31468704,0.011996736,0.4068575,0.34713706,0.17016649,0.30705467,0.9004968,Intermediate
0.28952426,0.27193248,0.08456346,0.23819925,0.643378,0.5544616,0.6359788,0.02240002,0.78366333,0.09090909,0.60155576,0.7911157,0.6821015,Beginner
0.7756727,0.735317,0.48319742,0.6075572,0.26817238,0.45483717,0.27744603,0.04982762,0.4540792,0.2898489,0.49618354,0.5852647,0.5894049,Intermediate
0.5949093,0.26631021,0.25317588,0.42903036,0.9665376,0.68933177,0.5729491,0.019207396,1.0,0.19929843,1.0,0.61378783,0.91423523,Beginner
0.4215738,0.32262883,0.28779212,0.27097997,0.6091384,0.8774021,0.8650211,0.0169959,0.40910056,0.113529146,0.5804358,0.7654966,0.95220673,Beginner
0.5924518,0.36138412,0.32863048,0.19800359,0.82224005,0.8038664,0.7745083,0.020446748,0.50452363,0.12143387,0.9540167,0.3444386,0.98840386,Beginner
0.9168926,0.7453821,0.7817241,0.71614724,0.18687016,0.0,0.11736197,0.028136296,0.045508303,1.0,0.08396368,0.02123959,0.1769192,Placement-Ready
0.27743924,0.33350372,0.22063714,0.37044513,1.0,0.5264453,0.47021723,0.012513089,0.37892935,0.2529257,0.8765059,0.73391736,0.8283898,Beginner
0.24724478,0.24710223,0.13547538,0.39676997,0.7528385,0.7728757,0.48592973,0.0,0.6540115,0.09090909,0.7397049,0.44475275,1.0,Beginner
0.69311976,0.22291812,0.11773179,0.14254865,0.5911814,0.9204986,0.9097279,0.013590821,0.84425896,0.19399622,0.7357333,0.60004437,0.76275307,Beginner
0.65061474,0.078165226,0.32957608,0.11967345,0.9799772,0.8618804,0.41988194,0.0016483428,0.67007405,0.10506145,0.7653727,0.57757586,0.586261,Beginner
0.39206243,0.35877317,0.3153567,0.17892802,0.8526383,0.48305768,0.87574196,0.0007274145,0.45798376,0.12748095,0.52105933,0.65488636,0.82566845,Beginner
0.6549333,0.69175303,0.40092763,0.50404036,0.49436,0.6028101,0.24649681,0.0,0.2701426,0.4589672,0.2720672,0.5004508,0.5284635,Intermediate
0.6897169,0.57878435,0.42979077,0.57536596,0.3315319,0.11478782,0.14448625,0.08521107,0.33700922,0.4835039,0.26608652,0.44225618,0.5355282,Intermediate
0.35151297,0.48720056,0.21844463,0.138089,0.5974253,0.7042322,0.20100768,0.0002723876,0.9086135,0.3021149,0.73073816,0.5801503,0.8070211,Beginner
0.8841823,0.6232607,0.5081899,0.5619712,0.374561,0.23518589,0.3475619,0.06818148,0.3034744,0.62619287,0.37092608,0.2825348,0.54683924,Intermediate
0.88974935,0.8103327,0.9072626,0.8529469,0.27148345,0.08033763,0.0865064,0.103041135,0.021695316,0.90084976,0.10566185,0.19783896,0.25766784,Placement-Ready
0.32162806,0.32075983,0.29079923,0.19425642,0.6983311,0.6666767,0.79040223,0.022897674,0.6724028,0.23466492,0.6555449,0.7815132,0.86620843,Beginner
0.3089311,0.3685858,0.047701553,0.3036378,0.6958788,0.9679964,0.7246175,0.012930337,0.697262,0.09105083,0.9934885,0.94870555,0.8471496,Beginner
0.111098394,0.30056357,0.28895718,0.08878357,0.9042706,0.7785231,0.8367841,0.057722446,0.79917866,0.19632803,1.0,1.0,0.98459965,Beginner
0.34370363,0.14657013,0.29299483,0.30994323,1.0,0.5634041,0.5582079,0.009902678,0.7978739,0.13571747,0.57434374,0.8311714,0.762002,Beginner
0.5443842,0.32753962,0.29309693,0.27233115,0.98610514,0.75352854,0.30320418,0.022892548,0.41049385,0.29573256,0.73646355,0.82640165,0.93617225,Beginner
0.87042403,0.80575997,0.68666464,0.9412413,0.13273416,0.057764214,0.05,0.17509998,0.10791291,0.940525,0.0,0.19857208,0.052732963,Placement-Ready
0.4919109,0.14743437,0.32100672,0.18377702,1.0,0.63536286,0.63691026,0.02363378,1.0,0.3692276,0.9312549,0.8036094,0.8711032,Beginner
0.5268718,0.23318641,0.1574982,0.17546342,0.921027,0.7228809,0.32207406,0.0078091933,0.70834756,0.16185045,0.6532986,0.6996829,0.9941831,Beginner
0.22920233,0.31685135,0.2503067,0.33344528,1.0,0.39393467,0.58645654,0.08789994,0.57509553,0.09090909,0.5563441,0.6992855,0.8350637,Beginner
0.66972256,0.6860489,0.5041089,0.59017575,0.14795615,0.3825061,0.067280404,0.022554507,0.09970162,0.31237504,0.23413754,0.3770261,0.6996413,Intermediate
0.7252848,0.7798287,0.3919254,0.5050371,0.3460596,0.128813,0.2238501,0.07481406,0.42683315,0.61576444,0.22394383,0.28062272,0.93840766,Intermediate
0.38045636,0.13736807,0.17760497,0.2769551,0.9178959,0.6273545,1.0,0.0,0.48725995,0.17426968,0.7198876,0.46517864,0.85374343,Beginner
0.16870847,0.42897528,0.2738545,0.23338528,0.6080219,0.6886465,0.4298959,0.0061874785,0.7177157,0.33362767,0.8092007,0.47061753,0.8533523,Beginner
0.59467936,0.5792968,0.5928706,0.7197653,0.42402306,0.37580782,0.33293438,0.030551216,0.15679352,0.41819468,0.24097447,0.3294987,0.87457025,Intermediate
0.45096987,0.40570164,0.23590356,0.44578862,0.88495857,0.60643095,0.5524578,0.0,0.41956192,0.14718215,0.83194107,0.53744584,0.6504483,Beginner
0.3845028,0.2450772,0.15316717,0.04329279,0.8100508,0.7878146,0.33527693,0.091692686,0.4355329,0.09090909,0.97422343,0.35404775,0.91570145,Beginner
0.7073887,0.55888116,0.42011327,0.520988,0.61772937,0.3201115,0.34068707,0.041075546,0.33917767,0.5625107,0.23137166,0.35383326,0.84883046,Intermediate
0.42116144,0.3088358,0.37949616,0.3033421,0.7553787,0.59829324,0.75150585,0.019064931,0.6113031,0.13111104,0.9495085,0.51688766,1.0,Beginner
0.15040013,0.36198986,0.3800086,0.15606916,1.0,0.70253927,0.9333506,0.013484009,0.6612262,0.3494478,0.8674056,0.7062272,0.5670396,Beginner
0.9266052,0.94497615,0.81795484,0.82575196,0.15874694,0.10314342,0.05,0.1742474,0.0,0.96385217,0.109802075,0.30605876,0.23800805,Placement-Ready
0.8784997,0.76581174,0.7790466,0.752056,0.22259714,0.08367504,0.11237448,0.035178505,0.033001576,0.93030685,0.14855973,0.2119098,0.124692224,Placement-Ready
0.60028565,0.49984646,0.3473659,0.63368636,0.3593643,0.35512388,0.21403073,0.08264331,0.48926416,0.28581542,0.23606482,0.57750064,0.69029045,Intermediate
0.90479493,0.7908397,0.80993986,0.86691135,0.091593504,0.0,0.06717508,0.18881072,0.061103556,0.7452076,0.0,0.2423837,0.054695778,Placement-Ready
0.61433876,0.7085237,0.6771709,0.70162314,0.3655811,0.06118196,0.3082167,0.046570197,0.15324105,0.37868923,0.47213104,0.27939898,0.67024636,Intermediate
0.98541784,0.71416986,0.7345709,0.85188967,0.13204232,0.030648822,0.086872995,0.20949252,0.0,0.8481385,0.10779682,0.21241711,0.25191274,Placement-Ready
0.74121094,0.67755085,0.32041186,0.83659387,0.23487462,0.4034633,0.23495522,0.046971913,0.43047386,0.3580258,0.24807508,0.2780092,0.76832384,Intermediate
0.5532949,0.7143631,0.28548735,0.5331539,0.2692385,0.6056462,0.26718044,0.029741209,0.5808481,0.37189966,0.16562521,0.5402416,0.40473777,Intermediate
0.389695,0.23189448,0.29966977,0.28059962,0.5147594,0.8579555,0.63697356,0.022389581,0.62478346,0.1098446,0.7193557,0.7705879,0.70751154,Beginner
0.61562634,0.33351606,0.19097155,0.06670464,0.7587548,0.75523925,0.5224838,0.06142552,0.4298869,0.31404895,0.96510017,0.51700413,0.8807308,Beginner
0.15778823,0.06442965,0.3459669,0.38037762,0.85853064,1.0,0.4045272,0.02647363,0.40695718,0.20352162,0.5589244,0.6522041,0.84634,Beginner
0.774289,0.52696884,0.31398273,0.5721486,0.31305847,0.3848238,0.32367754,0.060721133,0.32348606,0.57422245,0.39797884,0.57322234,0.55864936,Intermediate
0.6458654,0.35567358,0.13400283,0.26494563,0.6717222,0.6828429,0.41791186,0.028277686,0.4617231,0.24432403,0.70147806,0.476238,0.8237179,Beginner
0.83076656,0.8057648,0.723228,0.8028672,0.17909206,0.12707767,0.07498952,0.13456127,0.03875698,0.8182403,0.13365445,0.20939216,0.424528,Placement-Ready
0.30312413,0.33174184,0.12051319,0.36502382,0.7850658,0.6689232,0.59713614,0.007527331,0.19387148,0.18290237,0.701888,0.50683147,0.9316916,Beginner
0.80457515,0.85416394,0.7761317,0.85447085,0.18095765,0.057637382,0.05,0.12782528,0.10094623,1.0,0.06572052,0.13963121,0.27004272,Placement-Ready
0.6507132,0.49968755,0.49994478,0.4299124,0.41239485,0.09246308,0.10194212,0.03046971,0.39221296,0.38209304,0.4180318,0.67510474,0.55370355,Intermediate
0.35359785,0.2872593,0.22821164,0.21426447,0.88665044,0.6618555,0.21300718,0.009731275,0.12650447,0.21397915,0.60310495,0.67450404,0.957689,Beginner
0.7391887,0.77904814,0.46436512,0.63382304,0.23408303,0.26701227,0.10031281,0.014180963,0.31470594,0.5318333,0.23438902,0.23442693,0.40858415,Intermediate
0.5394617,0.7493237,0.5868965,0.4659051,0.3988242,0.40674365,0.246066,0.08861504,0.008212245,0.2532458,0.0241277,0.46198142,0.68160224,Intermediate
0.30069268,0.2777522,0.22544983,0.30805346,0.8743668,0.851768,0.397125,0.08795077,0.5016243,0.09964435,0.4802379,0.16182816,0.9434543,Beginner
0.86737436,0.7666312,0.595968,0.43852046,0.33277813,0.5683516,0.19369338,0.02104275,0.37119058,0.4615979,0.21566007,0.43586344,0.6284472,Intermediate
0.3845604,0.31200314,0.26908144,0.12726489,0.75306016,0.46971238,0.6798446,0.016278323,0.5033627,0.3249079,0.56613517,0.43034378,0.8269342,Beginner
0.8550325,0.822775,0.83333474,0.8491606,0.08746396,0.06923965,0.058382787,0.081527196,0.028483428,0.83469534,0.14039388,0.15188627,0.07951569,Placement-Ready
0.7949024,0.85185266,0.7713976,0.72876894,0.20324051,0.12956138,0.08288185,0.17025292,0.023650937,0.8442925,0.08445053,0.16167922,0.0,Placement-Ready
0.7213567,0.75015116,0.7039395,0.7602633,0.3202266,0.49365878,0.3006064,0.0350914,0.16704698,0.4031772,0.17269398,0.24160782,0.67460734,Intermediate
0.72512096,0.7408275,0.4629612,0.4836734,0.5942577,0.3122937,0.26535285,0.059207074,0.12949604,0.6230205,0.3764543,0.6837576,0.4981167,Intermediate
0.752827,0.5877255,0.6048276,0.73207283,0.3613763,0.54783684,0.47212034,0.050767664,0.4177333,0.3740308,0.30231112,0.42349875,0.7195404,Intermediate
0.89919025,0.8351129,0.9967421,0.90220284,0.17108595,0.10686931,0.05,0.18211113,0.17834707,0.67370605,0.06275546,0.14157295,0.30752286,Placement-Ready
0.65673053,0.5107664,0.5358181,0.76613766,0.47694573,0.61049837,0.1938488,0.046177175,0.14333457,0.3612668,0.18877383,0.25399154,0.8048785,Intermediate
0.3877136,0.19222552,0.16277571,0.33155173,0.6821117,0.75246876,0.60911435,0.056183603,1.0,0.23944718,0.44622862,0.67796814,0.72058564,Beginner
0.79811394,0.62742496,0.2266801,0.72325283,0.27453655,0.21963236,0.20619814,0.010017522,0.37014243,0.50377464,0.24161531,0.34829402,0.4959905,Intermediate
0.4791478,0.43333873,0.26654992,0.21166119,0.87309766,0.7312292,0.8637236,0.0,0.5205618,0.32718676,0.83447975,0.915891,0.65338314,Beginner
0.7552008,0.6769302,0.27152848,0.5024371,0.25872114,0.44004592,0.22111076,0.04965233,0.0,0.41229287,0.43381563,0.6614174,0.70782954,Intermediate
0.7603196,0.5173938,0.5681759,0.63748926,0.2827827,0.5252044,0.4838823,0.06761284,0.2755749,0.41138014,0.27491233,0.33588994,0.6378597,Intermediate
0.82930976,0.60442775,0.55607915,0.7967629,0.38723737,0.3523631,0.3706086,0.04958575,0.34800106,0.59047496,0.30001375,0.56813824,0.58262306,Intermediate
0.94495165,0.9687898,0.7244131,0.7026303,0.22122651,0.16186011,0.07823702,0.26140398,0.008142373,0.7961646,0.03465391,0.15696792,0.23100112,Placement-Ready
0.7150686,0.5502483,0.43514836,0.60479915,0.32445166,0.37150076,0.31290826,0.06140435,0.37305135,0.46716338,0.42309836,0.63566947,0.7105984,Intermediate
0.2996236,0.17465425,0.22179604,0.21812539,0.94714403,0.6354476,0.6830545,0.0013324698,1.0,0.16003706,0.7513145,0.89821315,0.72959924,Beginner
0.6347129,0.8267668,0.7254112,0.47168642,0.49249825,0.5119444,0.21515168,0.05928602,0.018356452,0.19472013,0.09424297,0.5083885,0.6654764,Intermediate
0.5959682,0.54087585,0.69649875,0.7883783,0.2953655,0.44013637,0.15810066,0.0344477,0.0,0.74524933,0.43179822,0.35224727,0.6427259,Intermediate
0.7151434,0.7601069,0.6153614,0.30476055,0.29460692,0.43072104,0.07130324,0.029641885,0.19502775,0.41961375,0.26550838,0.40663195,0.7237961,Intermediate
0.86344206,0.94213784,0.7776045,0.7342027,0.31811014,0.011590332,0.06022912,0.19611672,0.07075748,0.8209161,0.0061179847,0.07266479,0.1293504,Placement-Ready
0.8816289,0.88175005,0.9039845,0.71476007,0.1788987,0.21203567,0.06524252,0.18149891,0.093531206,0.7329238,0.09780851,0.16757417,0.53823787,Placement-Ready
0.27950385,0.10691471,0.16605678,0.5561409,0.88920003,0.58778626,0.8808332,0.0028051215,0.48926097,0.09090909,0.788412,0.85529447,0.6801193,Beginner
0.598843,0.56422246,0.41914138,0.49206242,0.46594584,0.6272619,0.32554618,0.07793668,0.44611776,0.56815416,0.25946444,0.47113663,0.5369071,Intermediate
0.33458552,0.3900177,0.28224874,0.29257342,0.62698734,0.7792964,0.48531243,0.013864243,0.624301,0.09305679,0.6161316,0.7032534,0.7734664,Beginner
0.9053347,0.95738643,0.6705889,0.80054784,0.1373466,0.097805105,0.08354904,0.1640223,0.08519026,1.0,0.061674748,0.08349965,0.19651797,Placement-Ready
0.4902985,0.43924654,0.19999628,0.28464323,0.83071494,0.6998537,0.7621617,0.01748073,0.2502936,0.30039456,0.5006262,0.80488193,0.9352046,Beginner
0.38410455,0.21453753,0.18344066,0.081012785,0.80322844,0.87835413,0.38057122,0.005841054,0.70050925,0.29200825,0.52602154,0.6246823,0.8339757,Beginner
0.55454385,0.6009475,0.55496496,0.61924905,0.41546485,0.45417836,0.13694796,0.053641044,0.31706366,0.48613718,0.30868143,0.2590181,0.40233004,Intermediate
0.6573511,0.27223814,0.22282177,0.16273631,0.7691403,0.6465695,0.57983106,0.007229992,0.70479035,0.25621867,0.69304264,0.52821803,0.88539463,Beginner
0.8033647,0.7361607,0.64707136,0.39856178,0.35861823,0.55577034,0.29981363,0.04823169,0.3761475,0.30404162,0.3943774,0.5057189,0.6127875,Intermediate
0.24772494,0.36813596,0.2526886,0.21306299,0.6658788,0.58699787,0.7069635,0.07076498,0.47253844,0.2234897,0.43694595,0.56230736,0.79627293,Beginner
0.9173703,0.8804179,0.8544844,0.85684127,0.34474355,0.04560219,0.1122395,0.059390046,0.00077280076,0.7221606,0.024486661,0.019118534,0.2308188,Placement-Ready
0.30155876,0.43520394,0.3879526,0.24505022,1.0,0.73369724,0.5239088,0.005777054,0.9274165,0.11089601,0.8602904,0.56612545,0.7447632,Beginner
0.8956738,0.81985277,0.8714368,0.8482164,0.11533591,0.08241816,0.05546628,0.0,0.00591449,0.8156604,0.010661294,0.19601972,0.14225522,Placement-Ready
0.6198144,0.6743038,0.5108996,0.53318554,0.5672406,0.48073128,0.29345363,0.076020434,0.34955683,0.35853103,0.25324866,0.5597914,0.6937258,Intermediate
0.6580056,0.42803246,0.36433652,0.48378876,0.3932396,0.08989341,0.3100225,0.047277097,0.14351949,0.48094368,0.1271973,0.44218713,0.32989237,Intermediate
0.672418,0.7275433,0.43937626,0.48237383,0.35116723,0.30298835,0.2621473,0.036569376,0.0,0.6161793,0.36077052,0.47236228,0.58587414,Intermediate
0.62324536,0.5657339,0.4709996,0.7531528,0.3928129,0.18167406,0.27553543,0.067425534,0.2961883,0.65489274,0.39330104,0.2926307,0.51728505,Intermediate
0.49982744,0.6732372,0.5585123,0.6340718,0.4263035,0.3702034,0.18378115,0.060627617,0.52948254,0.38619605,0.17751117,0.27973208,0.46999046,Intermediate
0.8430914,0.6850837,0.37215504,0.5791743,0.48212478,0.28395954,0.28066605,0.015284037,0.08100659,0.31375727,0.025826804,0.48401007,0.88274544,Intermediate
0.5113839,0.6229557,0.60753846,0.4024973,0.38584217,0.2931643,0.29115573,0.0,0.25438944,0.5402365,0.3285837,0.56743604,0.51024365,Intermediate
0.5545288,0.28745395,0.11302061,0.21023187,0.85892624,0.55434626,0.58605057,0.0012311668,0.52307516,0.09090909,0.53133357,0.7010134,0.7304291,Beginner
0.6029015,0.5511776,0.66750205,0.72453606,0.4069888,0.55621964,0.1734096,0.0542983,0.07884737,0.40486544,0.3033692,0.19724117,0.6889674,Intermediate
0.63163096,0.6399021,0.35049,0.616362,0.46765488,0.29286814,0.4422037,0.04970129,0.06579855,0.41619414,0.30751875,0.51734513,0.5613854,Intermediate
0.63348925,0.56164396,0.76539266,0.6070205,0.20162378,0.30196863,0.2596866,0.08976219,0.4543048,0.32885665,0.5902027,0.44532594,0.78694946,Intermediate
0.19047612,0.36149445,0.26077464,0.34740466,0.84145445,1.0,0.39441526,0.0919239,0.521382,0.09090909,0.5261307,0.4998028,0.6893373,Beginner
0.8365226,0.6361988,0.4478148,0.61940664,0.30247822,0.3083683,0.05382292,0.05883966,0.24937487,0.5388252,0.3143724,0.29837915,0.63007337,Intermediate
0.6703984,0.41262463,0.2719155,0.44684768,0.6144382,0.9376882,0.45211712,0.01962831,0.5927958,0.25188807,0.75733036,0.37408975,0.42553473,Beginner
0.39022514,0.0008864029,0.20504831,0.054343212,0.9725658,0.8366111,0.6933342,0.023460325,0.4102167,0.3406694,0.88982874,0.61451674,0.9362744,Beginner
0.86732817,0.8637957,0.7853858,0.9711262,0.25219527,0.120927416,0.0680759,0.17891502,0.020096771,0.9338473,0.036261342,0.17353551,0.07441817,Placement-Ready
0.65910006,0.46705723,0.6122493,0.5396533,0.45467493,0.5674307,0.3766427,0.026912848,0.346419,0.6074628,0.38357717,0.5692995,0.33250147,Intermediate
0.61985886,0.22657667,0.20867763,0.44179863,0.9016988,0.7213175,0.55246335,0.011588568,0.4976473,0.09090909,1.0,0.6732988,0.84777766,Beginner
0.8303485,0.97670317,0.6552723,0.8436247,0.15480599,0.13763559,0.08383915,0.04632517,0.11197397,0.90776926,0.017870488,0.12202567,0.09001151,Placement-Ready
0.6871449,0.57436967,0.34735242,0.44432658,0.27104834,0.4205498,0.29467118,0.051015858,0.3554761,0.3500632,0.16220678,0.2768075,0.4201611,Intermediate
0.4229848,0.22255383,0.18909565,0.5370304,0.67655957,0.7083341,0.50877905,0.0024139676,0.684217,0.18513383,0.8866541,0.7715867,0.9080849,Beginner
0.25953802,0.38347498,0.12627965,0.10112877,0.79593617,0.72325945,0.05,0.020489832,0.17217718,0.16855115,0.94914234,0.9813776,0.756434,Beginner
0.7532032,0.46632105,0.31977335,0.55546284,0.3909413,0.50881,0.33524084,0.0746656,0.5062166,0.44911397,0.46651572,0.35562658,0.5542055,Intermediate
0.34453505,0.31523156,0.25035855,0.46738058,0.7792695,0.59564745,0.3467319,0.010482323,0.51032394,0.3645463,1.0,0.49484408,0.7147088,Beginner
0.86693835,0.7201326,0.50923294,0.5316798,0.34929717,0.35963064,0.24515042,0.07682688,0.5952981,0.48173362,0.19852458,0.36814108,0.5725364,Intermediate
0.64027345,0.58397126,0.42697814,0.5958328,0.23012207,0.19802183,0.43572843,0.05075858,0.4587775,0.705228,0.24493733,0.50280774,0.30500415,Intermediate
0.11061598,0.50430256,0.24321972,0.13882396,0.6476474,0.7417362,0.65619266,0.06538845,0.79416096,0.18946423,0.6997189,1.0,0.8751914,Beginner
0.87400514,0.88624644,0.93422645,0.9283982,0.26450035,0.036859713,0.094068326,0.07507981,0.038325854,1.0,0.043529466,0.2389085,0.32156467,Placement-Ready
0.69285804,0.35507977,0.25558192,0.15092155,0.8140712,0.77462107,0.6014357,0.0,0.6320979,0.38295737,0.69599414,0.5407884,0.84480184,Beginner
0.49172837,0.5404045,0.43358776,0.68674767,0.4106914,0.35947222,0.22744375,0.040544927,0.26370996,0.64376223,0.08829329,0.6411672,0.94405156,Intermediate
0.8146579,0.5101304,0.58843035,0.67060333,0.49858516,0.16806236,0.2754819,0.08692769,0.28513193,0.5204766,0.39364746,0.29617953,0.87507373,Intermediate
0.85626686,0.6678224,0.4794701,0.4842177,0.32677177,0.29700986,0.4651164,0.08890482,0.41194177,0.32355276,0.40716672,0.41420746,0.2770486,Intermediate
0.58129555,0.2507554,0.2212646,0.2395893,1.0,0.9135552,0.7615062,0.002959652,0.6718366,0.23344925,0.64520925,0.5194224,1.0,Beginner
